-- phpMyAdmin SQL Dump
-- version 3.4.9
-- http://www.phpmyadmin.net
--
-- Host: localhost
-- Generation Time: Jul 07, 2012 at 06:59 PM
-- Server version: 5.5.16
-- PHP Version: 5.2.17

SET SQL_MODE="NO_AUTO_VALUE_ON_ZERO";
SET time_zone = "+00:00";


/*!40101 SET @OLD_CHARACTER_SET_CLIENT=@@CHARACTER_SET_CLIENT */;
/*!40101 SET @OLD_CHARACTER_SET_RESULTS=@@CHARACTER_SET_RESULTS */;
/*!40101 SET @OLD_COLLATION_CONNECTION=@@COLLATION_CONNECTION */;
/*!40101 SET NAMES utf8 */;

--
-- Database: `pemulis_waanoo`
--

-- --------------------------------------------------------

--
-- Table structure for table `attendees`
--

CREATE TABLE IF NOT EXISTS `attendees` (
  `attend_id` int(20) NOT NULL AUTO_INCREMENT,
  `event_id` int(20) NOT NULL,
  `user_id` int(20) NOT NULL,
  PRIMARY KEY (`attend_id`)
) ENGINE=MyISAM  DEFAULT CHARSET=latin1 AUTO_INCREMENT=142 ;

--
-- Dumping data for table `attendees`
--

INSERT INTO `attendees` (`attend_id`, `event_id`, `user_id`) VALUES
(12, 14, 1),
(14, 15, 1),
(15, 16, 6),
(16, 15, 7),
(18, 54, 1),
(40, 52, 1),
(62, 25, 13),
(30, 26, 1),
(22, 20, 1),
(31, 24, 1),
(32, 32, 1),
(52, 33, 1),
(56, 25, 1),
(61, 21, 1),
(36, 30, 1),
(37, 49, 1),
(45, 25, 10),
(47, 25, 6),
(48, 26, 6),
(49, 23, 6),
(50, 22, 6),
(58, 31, 1),
(59, 22, 12),
(63, 20, 13),
(71, 38, 13),
(65, 24, 13),
(66, 42, 13),
(67, 66, 13),
(68, 49, 13),
(70, 28, 13),
(72, 46, 13),
(73, 44, 13),
(74, 45, 13),
(75, 78, 10),
(76, 46, 5),
(77, 63, 5),
(78, 53, 5),
(79, 45, 5),
(82, 46, 14),
(101, 83, 14),
(84, 38, 8),
(85, 21, 8),
(86, 84, 8),
(90, 62, 8),
(88, 71, 8),
(102, 50, 14),
(100, 83, 5),
(104, 70, 8),
(105, 53, 8),
(106, 55, 8),
(108, 31, 17),
(109, 72, 17),
(110, 69, 17),
(111, 58, 17),
(112, 36, 17),
(113, 74, 17),
(114, 89, 17),
(115, 69, 18),
(116, 31, 8),
(117, 35, 5),
(120, 61, 5),
(123, 90, 5),
(122, 60, 5),
(126, 91, 22),
(130, 95, 8),
(128, 95, 6),
(134, 95, 23),
(132, 95, 24),
(133, 95, 22),
(135, 97, 6),
(136, 96, 8),
(137, 101, 8),
(138, 95, 5),
(139, 103, 11),
(140, 95, 7),
(141, 104, 26);

-- --------------------------------------------------------

--
-- Table structure for table `event_address`
--

CREATE TABLE IF NOT EXISTS `event_address` (
  `address_id` int(20) NOT NULL AUTO_INCREMENT,
  `event_id` int(20) NOT NULL,
  `address_text` varchar(255) NOT NULL,
  `x_coord` float(10,6) NOT NULL,
  `y_coord` float(10,6) NOT NULL,
  PRIMARY KEY (`address_id`)
) ENGINE=MyISAM  DEFAULT CHARSET=latin1 AUTO_INCREMENT=110 ;

--
-- Dumping data for table `event_address`
--

INSERT INTO `event_address` (`address_id`, `event_id`, `address_text`, `x_coord`, `y_coord`) VALUES
(68, 72, 'Bearcat Way, University of Cincinnati, Cincinnati, OH 45219, USA', 39.131577, -84.516937),
(2, 6, '8521 Ridge Rd, Cincinnati, OH 45236, USA', 39.215958, -84.426826),
(28, 32, '323 Stanley Ave, Cincinnati, OH 45226, USA', 39.114952, -84.437187),
(27, 31, 'Bearcat Way, University of Cincinnati, Cincinnati, OH 45219, USA', 39.131577, -84.516937),
(29, 33, '2329 West Clifton Ave Cincinnati, Ohio 45219', 39.124638, -84.519943),
(16, 20, '2624 Clifton Ave, University of Cincinnati, Cincinnati, OH 45220, USA', 39.132084, -84.516472),
(17, 21, '2624 Clifton Ave, University of Cincinnati, Cincinnati, OH 45220, USA', 39.132084, -84.516472),
(18, 22, '2914 Woodside Ave, University of Cincinnati, Cincinnati, OH 45219, USA', 39.133816, -84.514488),
(19, 23, '2901 Woodside Pl, University of Cincinnati, Cincinnati, OH 45219, USA', 39.133648, -84.515038),
(20, 24, 'Bearcat Way, University of Cincinnati, Cincinnati, OH 45219, USA', 39.131577, -84.516937),
(21, 25, '318 College Dr, University of Cincinnati, Cincinnati, OH 45219, USA', 39.133984, -84.517044),
(22, 26, '318 College Dr, University of Cincinnati, Cincinnati, OH 45219, USA', 39.133984, -84.517044),
(23, 27, '2901 Woodside Pl, University of Cincinnati, Cincinnati, OH 45219, USA', 39.133648, -84.515038),
(24, 28, 'Campus Way, University of Cincinnati, Cincinnati, OH 45219, USA', 39.132168, -84.519386),
(25, 29, '318 College Dr, University of Cincinnati, Cincinnati, OH 45219, USA', 39.133984, -84.517044),
(26, 30, 'Bearcat Way, University of Cincinnati, Cincinnati, OH 45219, USA', 39.131577, -84.516937),
(30, 34, '2624 Clifton Ave, University of Cincinnati, Cincinnati, OH 45220, USA', 39.132084, -84.516472),
(31, 35, '2634 Stratford Ave, Cincinnati, OH 45219, USA', 39.131176, -84.521812),
(32, 36, 'Campus Way, University of Cincinnati, Cincinnati, OH 45219, USA', 39.132168, -84.519386),
(33, 37, 'Bearcat Way, University of Cincinnati, Cincinnati, OH 45219, USA', 39.131577, -84.516937),
(34, 38, '2624 Clifton Ave, University of Cincinnati, Cincinnati, OH 45220, USA', 39.132084, -84.516472),
(35, 39, 'Campus Way, University of Cincinnati, Cincinnati, OH 45219, USA', 39.132168, -84.519386),
(36, 40, 'Campus Way, University of Cincinnati, Cincinnati, OH 45219, USA', 39.132168, -84.519386),
(37, 41, '2718 Digby ave Cincinnati, OH 45219, USA', 39.132427, -84.522743),
(38, 42, 'Campus Way, University of Cincinnati, Cincinnati, OH 45219, USA', 39.132168, -84.519386),
(39, 43, '2718 digby ave, University of Cincinnati, Cincinnati, OH 45219, USA', 39.132084, -84.516472),
(40, 44, '2600 Clifton Ave, University of Cincinnati, Cincinnati, OH 45219, USA', 39.134754, -84.514900),
(41, 45, 'Bearcat Way, University of Cincinnati, Cincinnati, OH 45219, USA', 39.131577, -84.516937),
(42, 46, 'Bearcat Way, University of Cincinnati, Cincinnati, OH 45219, USA', 39.131577, -84.516937),
(43, 47, '318 College Dr, University of Cincinnati, Cincinnati, OH 45219, USA', 39.133984, -84.517044),
(44, 48, 'Bearcat Way, University of Cincinnati, Cincinnati, OH 45219, USA', 39.131577, -84.516937),
(45, 49, '318 College Dr, University of Cincinnati, Cincinnati, OH 45219, USA', 39.133984, -84.517044),
(46, 50, 'Bearcat Way, University of Cincinnati, Cincinnati, OH 45219, USA', 39.131577, -84.516937),
(47, 51, 'Backstage Dr, University of Cincinnati, Cincinnati, OH 45219, USA', 39.129967, -84.518524),
(48, 52, 'Campus Way, University of Cincinnati, Cincinnati, OH 45219, USA', 39.132168, -84.519386),
(49, 53, '2712 Scioto St, University of Cincinnati, Cincinnati, OH 45219, USA', 39.131161, -84.512444),
(50, 54, '2624 Clifton Ave, University of Cincinnati, Cincinnati, OH 45220, USA', 39.132084, -84.516472),
(51, 55, '101 W Daniels St, University of Cincinnati, Cincinnati, OH 45219, USA', 39.131668, -84.512985),
(52, 56, 'Bearcat Way, University of Cincinnati, Cincinnati, OH 45219, USA', 39.131577, -84.516937),
(53, 57, 'Bearcat Way, University of Cincinnati, Cincinnati, OH 45219, USA', 39.131577, -84.516937),
(54, 58, 'Bearcat Way, University of Cincinnati, Cincinnati, OH 45219, USA', 39.131577, -84.516937),
(55, 59, 'Campus Way, University of Cincinnati, Cincinnati, OH 45219, USA', 39.132168, -84.519386),
(56, 60, 'Campus Way, University of Cincinnati, Cincinnati, OH 45219, USA', 39.132168, -84.519386),
(57, 61, 'Campus Way, University of Cincinnati, Cincinnati, OH 45219, USA', 39.132168, -84.519386),
(58, 62, 'Bearcat Way, University of Cincinnati, Cincinnati, OH 45219, USA', 39.131577, -84.516937),
(59, 63, '3007 clifton ave cincinnati ohio ', 39.135658, -84.520309),
(60, 64, '2645 Stratford Ave, Cincinnati, OH 45219, USA', 39.130417, -84.521355),
(61, 65, '2625 clifton avenue cincinnati ohio', 39.130432, -84.520554),
(62, 66, 'Bearcat Way, University of Cincinnati, Cincinnati, OH 45219, USA', 39.131577, -84.516937),
(63, 67, '2550-2598 Clifton Ave, Cincinnati, OH 45220, USA', 39.129631, -84.520584),
(64, 68, '2939-2961 Woodside Pl, University of Cincinnati, Cincinnati, OH 45219, USA', 39.134392, -84.514938),
(65, 69, 'Campus Way, University of Cincinnati, Cincinnati, OH 45219, USA', 39.132168, -84.519386),
(66, 70, '98 E University Ave, University of Cincinnati, Cincinnati, OH 45219, USA', 39.133560, -84.512474),
(67, 71, 'Bearcat Way, University of Cincinnati, Cincinnati, OH 45219, USA', 39.131577, -84.516937),
(69, 73, '3007 clifton ave cincinnati ohio', 39.135658, -84.520309),
(70, 74, '3807 N Bend Rd, Cincinnati, OH 45211, USA', 39.155880, -84.606537),
(71, 75, '318 College Dr, University of Cincinnati, Cincinnati, OH 45219, USA', 39.133984, -84.517044),
(72, 76, '181 Oval Dr S, The Ohio State University, Columbus, OH 43210, USA', 39.998631, -83.013351),
(73, 77, '244 W 17th Ave, The Ohio State University, Columbus, OH 43210, USA', 40.000858, -83.014748),
(74, 78, '100 Independence Hall, Ohio State University', 40.000324, -83.015747),
(80, 84, 'University of Cincinnati, Cincinnati, Ohio', 39.132084, -84.516472),
(79, 83, '2334 Stratford Ave Cincinnati, Oh 45219', 39.126236, -84.522720),
(81, 85, 'University of Cincinnati, Cincinnati, Ohio', 39.132084, -84.516472),
(82, 86, 'University of Cincinnati', 39.132084, -84.516472),
(84, 88, 'Palmer street 21 and 23', 44.702869, -73.460358),
(86, 90, '13 W. Charlton Street, Cincinnati, Ohio', 39.130196, -84.510162),
(87, 91, 'University of Cincinnati, Cincinnati, Ohio', 39.134270, -84.516724),
(88, 92, 'University of Cincinnati, Cincinnati, Ohio', 39.134270, -84.516724),
(89, 93, 'University of Cincinnati, Cincinnati, Ohio', 39.134270, -84.516724),
(90, 94, 'University of Cincinnati, Cincinnati, Ohio', 39.134270, -84.516724),
(91, 95, '2700 O''Varsity Way, Cincinnati, Ohio 45221', 39.315060, -84.220772),
(97, 101, 'AMC Theatre Newport, KY', 39.127441, -84.523140),
(93, 97, 'Fountain Square, 520 Vine Street , Cincinnati, Ohio 45202', 39.127472, -84.522797),
(94, 98, '949 Pavilion St., Cincinnati, Ohio 45202', 39.127472, -84.522797),
(95, 99, '339 Calhoun Street, Clifton, Ohio 45219', 39.127472, -84.522797),
(96, 100, 'University of Cincinnati, Cincinnati, Ohio', 39.127472, -84.522797),
(98, 102, '1777 Energy Park Drive  ', 39.127441, -84.523140),
(99, 103, 'Nippert Stadium', 39.127441, -84.523140),
(100, 104, '2365 Stratford Avenue Cincinnati, OH 45219', 39.127441, -84.523140),
(101, 105, 'Gettler Stadium', 39.127441, -84.523140),
(102, 106, 'Clermont College, Cincinnati, Ohio', 39.127472, -84.522797),
(103, 107, '2621 Vine St, Cincinnati, Ohio 4521', 39.148010, -84.477020),
(104, 108, 'Gettler Stadium', 39.315060, -84.220772),
(105, 109, '231 W McMillan St, cincinnati, ohio', 39.127472, -84.522797),
(106, 110, '2365 Stratford Avenue', 39.315060, -84.220772),
(107, 111, '421 Loveland-Maderia Rd., Loveland, Ohio 45140 ', 39.345890, -84.560501),
(108, 112, 'Minneapolis, Minnesota', 39.345890, -84.560501),
(109, 113, 'Muncie, Indiana 47306 ', 39.127472, -84.522797);

-- --------------------------------------------------------

--
-- Table structure for table `event_comments`
--

CREATE TABLE IF NOT EXISTS `event_comments` (
  `message_id` int(20) NOT NULL AUTO_INCREMENT,
  `event_id` int(20) NOT NULL,
  `user_id` int(20) NOT NULL,
  `timestamp` int(20) NOT NULL,
  `message` varchar(500) NOT NULL,
  PRIMARY KEY (`message_id`)
) ENGINE=MyISAM  DEFAULT CHARSET=latin1 AUTO_INCREMENT=29 ;

--
-- Dumping data for table `event_comments`
--

INSERT INTO `event_comments` (`message_id`, `event_id`, `user_id`, `timestamp`, `message`) VALUES
(1, 35, 5, 1336333408, 'Hell yes!!!'),
(2, 90, 5, 1336334311, 'College night is best'),
(4, 90, 5, 1336341612, 'I''ll be there'),
(5, 90, 5, 1336386680, 'Posting from brookville'),
(6, 60, 19, 1336440569, 'Testing Testing Testing\n'),
(7, 60, 19, 1336440598, 'another comment and another comment\n'),
(8, 90, 5, 1339875359, 'lolgffcxhc'),
(9, 54, 5, 1340237742, 'lol this is dumb'),
(10, 95, 8, 1340489788, 'Will david be there?'),
(11, 95, 24, 1340489843, 'guetta?\n'),
(12, 95, 23, 1340489875, 'yes...'),
(13, 95, 6, 1340490133, 'Yo this event is going to be sick!'),
(14, 95, 5, 1340490344, 'Whatup bros'),
(15, 90, 23, 1340490468, 'gfh\n'),
(16, 74, 23, 1340490484, 'fvfsg'),
(17, 74, 23, 1340490487, 'grwfw'),
(18, 74, 23, 1340490491, 'rwrgw\n'),
(19, 74, 23, 1340490493, 'rgfwrgfw'),
(20, 74, 23, 1340490495, 'rfgwrfgw'),
(21, 74, 23, 1340490497, 'wefwfgwf'),
(22, 74, 23, 1340490502, 'grwrgwg'),
(23, 96, 8, 1340492202, 'fniefrfdb'),
(24, 101, 8, 1340500711, 'Yes, it will be better than "The Hunger Games" and all the "Twilight" sagas combined!'),
(25, 83, 14, 1340630420, 'damn'),
(27, 110, 8, 1341197886, 'I''ll be there.\n'),
(28, 104, 26, 1341268188, 'comment');

-- --------------------------------------------------------

--
-- Table structure for table `event_images`
--

CREATE TABLE IF NOT EXISTS `event_images` (
  `image_id` int(20) NOT NULL AUTO_INCREMENT,
  `event_id` int(20) NOT NULL,
  `image_url` varchar(100) NOT NULL,
  `description` varchar(255) NOT NULL,
  `date_uploaded` datetime NOT NULL,
  `list_order` int(3) NOT NULL,
  `active` int(1) NOT NULL,
  `img_size` int(2) NOT NULL,
  PRIMARY KEY (`image_id`)
) ENGINE=MyISAM  DEFAULT CHARSET=latin1 AUTO_INCREMENT=89 ;

--
-- Dumping data for table `event_images`
--

INSERT INTO `event_images` (`image_id`, `event_id`, `image_url`, `description`, `date_uploaded`, `list_order`, `active`, `img_size`) VALUES
(1, 74, 'images/img_db/img_thumbnail/1334277587hs4l26xkKzWAMpQ3jAKVD39mupRGX9.jpg', '', '2012-04-13 00:41:11', 1, 1, 1),
(2, 74, 'images/img_db/img_medium/1334277587hs4l26xkKzWAMpQ3jAKVD39mupRGX9.jpg', '', '2012-04-13 00:41:11', 1, 1, 2),
(3, 74, 'images/img_db/img_thumbnail/1334277745V9o4omIiSb0CGwEOd3Bh9rhaTc0mAI.jpg', '', '2012-04-13 00:43:08', 2, 1, 1),
(4, 74, 'images/img_db/img_medium/1334277745V9o4omIiSb0CGwEOd3Bh9rhaTc0mAI.jpg', '', '2012-04-13 00:43:08', 2, 1, 2),
(5, 74, 'images/img_db/img_thumbnail/13342786179k8HOoO2uaDp0H0GnMxyW7ad62hy7I.jpg', '', '2012-04-13 00:57:27', 3, 1, 1),
(6, 74, 'images/img_db/img_medium/13342786179k8HOoO2uaDp0H0GnMxyW7ad62hy7I.jpg', '', '2012-04-13 00:57:27', 3, 1, 2),
(7, 74, 'images/img_db/img_thumbnail/1334279676fAgWAV7iaz7ioJ9wVnRx3YAq1dnMbA.png', '', '2012-04-13 01:14:44', 4, 1, 1),
(8, 74, 'images/img_db/img_medium/1334279676fAgWAV7iaz7ioJ9wVnRx3YAq1dnMbA.png', '', '2012-04-13 01:14:44', 4, 1, 2),
(9, 75, 'images/img_db/img_thumbnail/1334332865OwjjDuHxbAoihKOOr7KUguvSneNfp7.jpg', '', '2012-04-13 16:01:16', 1, 1, 1),
(10, 75, 'images/img_db/img_medium/1334332865OwjjDuHxbAoihKOOr7KUguvSneNfp7.jpg', '', '2012-04-13 16:01:16', 1, 1, 2),
(11, 35, 'images/img_db/img_thumbnail/13343607582YIzNwM1g5w2207WVaask0GPCmvKrd.jpg', '', '2012-04-13 23:49:03', 1, 1, 1),
(12, 35, 'images/img_db/img_medium/13343607582YIzNwM1g5w2207WVaask0GPCmvKrd.jpg', '', '2012-04-13 23:49:03', 1, 1, 2),
(13, 76, 'images/img_db/img_thumbnail/', '', '2012-04-14 21:15:18', 1, 1, 1),
(14, 76, 'images/img_db/img_medium/', '', '2012-04-14 21:15:18', 1, 1, 2),
(15, 77, 'images/img_db/img_thumbnail/', '', '2012-04-14 21:18:35', 1, 1, 1),
(16, 77, 'images/img_db/img_medium/', '', '2012-04-14 21:18:35', 1, 1, 2),
(17, 78, 'images/img_db/img_thumbnail/', '', '2012-04-14 21:21:30', 1, 1, 1),
(18, 78, 'images/img_db/img_medium/', '', '2012-04-14 21:21:30', 1, 1, 2),
(19, 79, 'images/img_db/img_thumbnail/1334534504w9kOMaiNtkM4ewmTHJrZl336XezWWG.jpg', '', '2012-04-16 00:02:44', 1, 1, 1),
(20, 79, 'images/img_db/img_medium/1334534504w9kOMaiNtkM4ewmTHJrZl336XezWWG.jpg', '', '2012-04-16 00:02:44', 1, 1, 2),
(21, 80, 'images/img_db/img_thumbnail/1334534649WkmtFQTbMWFKmxH5QujLpsoSc0Ht6j.jpg', '', '2012-04-16 00:04:22', 1, 1, 1),
(22, 80, 'images/img_db/img_medium/1334534649WkmtFQTbMWFKmxH5QujLpsoSc0Ht6j.jpg', '', '2012-04-16 00:04:22', 1, 1, 2),
(23, 81, 'images/img_db/img_thumbnail/13345351401VoM7bWXzNPfNOqFcLwV9XgB0Jg7ii.jpg', '', '2012-04-16 00:13:14', 1, 1, 1),
(24, 81, 'images/img_db/img_medium/13345351401VoM7bWXzNPfNOqFcLwV9XgB0Jg7ii.jpg', '', '2012-04-16 00:13:14', 1, 1, 2),
(25, 82, 'images/img_db/img_thumbnail/1334535275b5UNsq22Y8ybU1zANB7w8adBPXAwd6.jpg', '', '2012-04-16 00:14:50', 1, 1, 1),
(26, 82, 'images/img_db/img_medium/1334535275b5UNsq22Y8ybU1zANB7w8adBPXAwd6.jpg', '', '2012-04-16 00:14:50', 1, 1, 2),
(27, 83, 'images/img_db/img_thumbnail/1334535925s18CPj5RVofYGvNF79JRx0NLUD4p5t.jpeg', '', '2012-04-16 00:25:36', 1, 1, 1),
(28, 83, 'images/img_db/img_medium/1334535925s18CPj5RVofYGvNF79JRx0NLUD4p5t.jpeg', '', '2012-04-16 00:25:36', 1, 1, 2),
(29, 84, 'images/img_db/img_thumbnail/1334546643TlflJdEAC5pS3vw19ighUnGrJzShVp.jpg', '', '2012-04-16 03:24:21', 1, 1, 1),
(30, 84, 'images/img_db/img_medium/1334546643TlflJdEAC5pS3vw19ighUnGrJzShVp.jpg', '', '2012-04-16 03:24:21', 1, 1, 2),
(31, 87, 'images/img_db/img_thumbnail/1335052771SCu6PbUglVSoSQuPkgaZKuNebRHQXP.jpg', '', '2012-04-21 23:59:44', 1, 1, 1),
(32, 87, 'images/img_db/img_medium/1335052771SCu6PbUglVSoSQuPkgaZKuNebRHQXP.jpg', '', '2012-04-21 23:59:44', 1, 1, 2),
(33, 89, 'images/img_db/img_thumbnail/13353959853OKofVTEdU2VUHWLuywx3WgPzYuClo.jpg', '', '2012-04-25 23:19:55', 1, 1, 1),
(34, 89, 'images/img_db/img_medium/13353959853OKofVTEdU2VUHWLuywx3WgPzYuClo.jpg', '', '2012-04-25 23:19:55', 1, 1, 2),
(35, 76, 'images/img_db/img_thumbnail/1335645447sjx246gmc3Dbtp5r7XTQ0oBVEMwtzn.jpg', '', '2012-04-28 20:37:35', 2, 1, 1),
(36, 76, 'images/img_db/img_medium/1335645447sjx246gmc3Dbtp5r7XTQ0oBVEMwtzn.jpg', '', '2012-04-28 20:37:35', 2, 1, 2),
(37, 78, 'images/img_db/img_thumbnail/1335645538PMceEYyX5EhYbEpIOl9vRH13H06XsR.jpg', '', '2012-04-28 20:39:01', 2, 1, 1),
(38, 78, 'images/img_db/img_medium/1335645538PMceEYyX5EhYbEpIOl9vRH13H06XsR.jpg', '', '2012-04-28 20:39:01', 2, 1, 2),
(39, 77, 'images/img_db/img_thumbnail/1335646404FS00Mpy7LRUrk2cjhbcMOYXlayUULQ.jpg', '', '2012-04-28 20:53:47', 2, 1, 1),
(40, 77, 'images/img_db/img_medium/1335646404FS00Mpy7LRUrk2cjhbcMOYXlayUULQ.jpg', '', '2012-04-28 20:53:47', 2, 1, 2),
(41, 90, 'images/img_db/img_thumbnail/1336258319kt33LqQr1qlXASn8RIn1nwHafTpeK0.jpg', '', '2012-05-05 22:54:14', 1, 1, 1),
(42, 90, 'images/img_db/img_medium/1336258319kt33LqQr1qlXASn8RIn1nwHafTpeK0.jpg', '', '2012-05-05 22:54:14', 1, 1, 2),
(43, 91, 'images/img_db/img_thumbnail/1340070245TTUSF4TKls6kh3MSIEgGfVNbUjFGU9.png', '', '2012-06-18 20:44:57', 1, 1, 1),
(44, 91, 'images/img_db/img_medium/1340070245TTUSF4TKls6kh3MSIEgGfVNbUjFGU9.png', '', '2012-06-18 20:44:57', 1, 1, 2),
(45, 92, 'images/img_db/img_thumbnail/13400706930d9IEe8s9yMrATTF7zOMSZJh2NGEEs.jpg', '', '2012-06-18 20:51:45', 1, 1, 1),
(46, 92, 'images/img_db/img_medium/13400706930d9IEe8s9yMrATTF7zOMSZJh2NGEEs.jpg', '', '2012-06-18 20:51:45', 1, 1, 2),
(47, 93, 'images/img_db/img_thumbnail/134007102040oMXs8u2fRQXQ3L2dYkHBlKSJNiOY.jpg', '', '2012-06-18 20:57:08', 1, 1, 1),
(48, 93, 'images/img_db/img_medium/134007102040oMXs8u2fRQXQ3L2dYkHBlKSJNiOY.jpg', '', '2012-06-18 20:57:08', 1, 1, 2),
(49, 94, 'images/img_db/img_thumbnail/1340071266b1hEBJe0kk6kBpCb0xrzBczOAsaeHB.jpg', '', '2012-06-18 21:01:47', 1, 1, 1),
(50, 94, 'images/img_db/img_medium/1340071266b1hEBJe0kk6kBpCb0xrzBczOAsaeHB.jpg', '', '2012-06-18 21:01:47', 1, 1, 2),
(51, 95, 'images/img_db/img_thumbnail/13404816704dAHOpnmOwt9COsSwQbyKfNjE36dnA.jpg', '', '2012-06-23 15:02:26', 1, 1, 1),
(52, 95, 'images/img_db/img_medium/13404816704dAHOpnmOwt9COsSwQbyKfNjE36dnA.jpg', '', '2012-06-23 15:02:26', 1, 1, 2),
(53, 96, 'images/img_db/img_thumbnail/1340492008o4pKc0DoFGrGgphWxWH3SD9pAkENLV.jpg', '', '2012-06-23 17:55:16', 1, 1, 1),
(54, 96, 'images/img_db/img_medium/1340492008o4pKc0DoFGrGgphWxWH3SD9pAkENLV.jpg', '', '2012-06-23 17:55:16', 1, 1, 2),
(55, 97, 'images/img_db/img_thumbnail/1340496225NWsKAFuA77uzUM4i3uyLtCqeQbr8fU.jpg', '', '2012-06-23 19:04:40', 1, 1, 1),
(56, 97, 'images/img_db/img_medium/1340496225NWsKAFuA77uzUM4i3uyLtCqeQbr8fU.jpg', '', '2012-06-23 19:04:40', 1, 1, 2),
(57, 98, 'images/img_db/img_thumbnail/1340496641ysNXOmJcQCkAy6GMMbovfYKzbNKmKT.jpg', '', '2012-06-23 19:11:23', 1, 1, 1),
(58, 98, 'images/img_db/img_medium/1340496641ysNXOmJcQCkAy6GMMbovfYKzbNKmKT.jpg', '', '2012-06-23 19:11:23', 1, 1, 2),
(59, 99, 'images/img_db/img_thumbnail/1340496949pgtjIEkQPR9Lk6kDwhbg8vdUyjwwOW.jpg', '', '2012-06-23 19:16:00', 1, 1, 1),
(60, 99, 'images/img_db/img_medium/1340496949pgtjIEkQPR9Lk6kDwhbg8vdUyjwwOW.jpg', '', '2012-06-23 19:16:00', 1, 1, 2),
(61, 100, 'images/img_db/img_thumbnail/1340497721xJnKHeh677SUzCKJ6idqMRW4RxbdjP.png', '', '2012-06-23 19:29:37', 1, 1, 1),
(62, 100, 'images/img_db/img_medium/1340497721xJnKHeh677SUzCKJ6idqMRW4RxbdjP.png', '', '2012-06-23 19:29:37', 1, 1, 2),
(63, 96, 'images/img_db/img_thumbnail/13404978046EE9WAlYgzP8tWEgzs2L4bugZEO5Fh.gif', '', '2012-06-23 20:04:53', 2, 1, 1),
(64, 96, 'images/img_db/img_medium/13404978046EE9WAlYgzP8tWEgzs2L4bugZEO5Fh.gif', '', '2012-06-23 20:04:53', 2, 1, 2),
(65, 101, 'images/img_db/img_thumbnail/1340500384A0OhpavBWRi9RNTJ6EXkLSjjpMFHsq.gif', '', '2012-06-23 20:13:19', 1, 1, 1),
(66, 101, 'images/img_db/img_medium/1340500384A0OhpavBWRi9RNTJ6EXkLSjjpMFHsq.gif', '', '2012-06-23 20:13:19', 1, 1, 2),
(67, 102, 'images/img_db/img_thumbnail/1340504222xoib0PPj6DHc5UrVv68tVVIoA4SjN8.jpg', '', '2012-06-23 21:17:12', 1, 1, 1),
(68, 102, 'images/img_db/img_medium/1340504222xoib0PPj6DHc5UrVv68tVVIoA4SjN8.jpg', '', '2012-06-23 21:17:12', 1, 1, 2),
(69, 103, 'images/img_db/img_thumbnail/1340506041JbGH7bSpUGlgj8lwM4FOmM6oZVnaOd.jpg', '', '2012-06-23 21:47:32', 1, 1, 1),
(70, 103, 'images/img_db/img_medium/1340506041JbGH7bSpUGlgj8lwM4FOmM6oZVnaOd.jpg', '', '2012-06-23 21:47:32', 1, 1, 2),
(71, 105, 'images/img_db/img_thumbnail/13405080643rj4oxGSgCttJS3RtNoUYP7qeL0pOF.png', '', '2012-06-23 22:21:11', 1, 1, 1),
(72, 105, 'images/img_db/img_medium/13405080643rj4oxGSgCttJS3RtNoUYP7qeL0pOF.png', '', '2012-06-23 22:21:11', 1, 1, 2),
(73, 103, 'images/img_db/img_thumbnail/13405081293yuTAxgd7aEcpUX7fWyMxHo32md39x.png', '', '2012-06-23 22:22:14', 2, 1, 1),
(74, 103, 'images/img_db/img_medium/13405081293yuTAxgd7aEcpUX7fWyMxHo32md39x.png', '', '2012-06-23 22:22:14', 2, 1, 2),
(75, 106, 'images/img_db/img_thumbnail/1340508252nEyIVwv6kxwb3TIHNWwknSaLGNRFAA.jpg', '', '2012-06-23 22:24:23', 1, 1, 1),
(76, 106, 'images/img_db/img_medium/1340508252nEyIVwv6kxwb3TIHNWwknSaLGNRFAA.jpg', '', '2012-06-23 22:24:23', 1, 1, 2),
(77, 104, 'images/img_db/img_thumbnail/1340508732IBDgUSxzkqJdVJlqkNMpLK5xOawT6E.jpeg', '', '2012-06-23 22:32:17', 1, 1, 1),
(78, 104, 'images/img_db/img_medium/1340508732IBDgUSxzkqJdVJlqkNMpLK5xOawT6E.jpeg', '', '2012-06-23 22:32:17', 1, 1, 2),
(79, 107, 'images/img_db/img_thumbnail/1340549232XndKTVoEDNoATx5ZGqcd3quqcjj7Sl.jpg', '', '2012-06-24 09:47:41', 1, 1, 1),
(80, 107, 'images/img_db/img_medium/1340549232XndKTVoEDNoATx5ZGqcd3quqcjj7Sl.jpg', '', '2012-06-24 09:47:41', 1, 1, 2),
(81, 109, 'images/img_db/img_thumbnail/1341087476ZYNcNPwRUebzPFhg20eL3OjLOxXA5e.jpeg', '', '2012-06-30 15:18:02', 1, 1, 1),
(82, 109, 'images/img_db/img_medium/1341087476ZYNcNPwRUebzPFhg20eL3OjLOxXA5e.jpeg', '', '2012-06-30 15:18:02', 1, 1, 2),
(83, 111, 'images/img_db/img_thumbnail/1341687394bkw49dns2MvXVpax68GAIamSQMGTy5.jpg', '', '2012-07-07 13:57:10', 1, 1, 1),
(84, 111, 'images/img_db/img_medium/1341687394bkw49dns2MvXVpax68GAIamSQMGTy5.jpg', '', '2012-07-07 13:57:10', 1, 1, 2),
(85, 112, 'images/img_db/img_thumbnail/13416877638MDv1FvRQ2Wtd7lxUyoCyihliE68Px.jpg', '', '2012-07-07 14:03:31', 1, 1, 1),
(86, 112, 'images/img_db/img_medium/13416877638MDv1FvRQ2Wtd7lxUyoCyihliE68Px.jpg', '', '2012-07-07 14:03:31', 1, 1, 2),
(87, 113, 'images/img_db/img_thumbnail/1341704152GqKqSG98hZwO6xyYvptxm262Wp4BKF.jpeg', '', '2012-07-07 18:39:47', 1, 1, 1),
(88, 113, 'images/img_db/img_medium/1341704152GqKqSG98hZwO6xyYvptxm262Wp4BKF.jpeg', '', '2012-07-07 18:39:47', 1, 1, 2);

-- --------------------------------------------------------

--
-- Table structure for table `pageviews`
--

CREATE TABLE IF NOT EXISTS `pageviews` (
  `id` int(20) NOT NULL AUTO_INCREMENT,
  `event_id` int(20) NOT NULL,
  `lat` double(10,6) NOT NULL,
  `lon` double(10,6) NOT NULL,
  `timestamp` int(20) NOT NULL,
  PRIMARY KEY (`id`)
) ENGINE=MyISAM  DEFAULT CHARSET=latin1 AUTO_INCREMENT=539 ;

--
-- Dumping data for table `pageviews`
--

INSERT INTO `pageviews` (`id`, `event_id`, `lat`, `lon`, `timestamp`) VALUES
(1, 74, 39.147562, -84.594418, 1336333300),
(2, 35, 39.147562, -84.594418, 1336333371),
(3, 35, 39.147562, -84.594418, 1336333407),
(4, 35, 39.147520, -84.594425, 1336333418),
(5, 60, 39.147520, -84.594425, 1336334255),
(6, 90, 39.147520, -84.594425, 1336334260),
(7, 35, 39.147540, -84.594446, 1336336525),
(8, 90, 39.147540, -84.594446, 1336336544),
(9, 35, 39.147508, -84.594405, 1336338790),
(10, 60, 39.147484, -84.594437, 1336341384),
(11, 90, 39.147484, -84.594437, 1336341404),
(12, 90, 39.147499, -84.594506, 1336341593),
(13, 35, 39.147480, -84.594500, 1336341621),
(14, 90, 39.147480, -84.594500, 1336341627),
(15, 90, 39.147480, -84.594500, 1336341806),
(16, 35, 39.147511, -84.594514, 1336353517),
(17, 60, 39.147511, -84.594514, 1336353524),
(18, 78, 39.147511, -84.594514, 1336353527),
(19, 77, 39.147511, -84.594514, 1336353530),
(20, 60, 39.147511, -84.594514, 1336353534),
(21, 60, 39.147511, -84.594514, 1336353550),
(22, 60, 39.147511, -84.594514, 1336353551),
(23, 60, 39.147511, -84.594514, 1336353554),
(24, 35, 39.153369, -84.744203, 1336353582),
(25, 61, 39.153369, -84.744203, 1336353589),
(26, 90, 39.153369, -84.744203, 1336353592),
(27, 59, 39.153369, -84.744203, 1336353597),
(28, 60, 39.153369, -84.744203, 1336353602),
(29, 90, 39.148010, -84.477020, 1336356140),
(30, 90, 39.100867, -84.426552, 1336386555),
(31, 90, 39.054493, -84.506546, 1336386563),
(32, 90, 39.079017, -84.607139, 1336386578),
(33, 90, 39.181284, -84.435478, 1336386589),
(34, 90, 39.181284, -84.435478, 1336386607),
(35, 90, 39.449028, -84.990288, 1336386636),
(36, 90, 39.148010, -84.477020, 1336386669),
(37, 60, 39.148010, -84.477020, 1336386710),
(38, 90, 39.148010, -84.477020, 1336386716),
(39, 61, 39.148010, -84.477020, 1336386721),
(40, 60, 39.132504, -84.517197, 1336402623),
(41, 78, 39.961175, -82.998794, 1336405982),
(42, 77, 39.133820, -84.515966, 1336440506),
(43, 35, 39.147556, -84.594517, 1336440546),
(44, 60, 39.133820, -84.515966, 1336440558),
(45, 60, 39.133862, -84.515986, 1336453558),
(46, 77, 39.133862, -84.515986, 1336453611),
(47, 78, 39.133862, -84.515986, 1336453614),
(48, 60, 39.133862, -84.515986, 1336453616),
(49, 60, 39.133862, -84.515986, 1336454531),
(50, 90, 39.147563, -84.594504, 1336645514),
(51, 35, 39.147563, -84.594504, 1336645519),
(52, 59, 39.147563, -84.594504, 1336645526),
(53, 90, 39.147563, -84.594504, 1336645557),
(54, 90, 39.147622, -84.594548, 1336697977),
(55, 78, 39.147622, -84.594548, 1336697980),
(56, 78, 39.147622, -84.594548, 1336697988),
(57, 35, 39.147622, -84.594548, 1336701646),
(58, 74, 39.147622, -84.594548, 1336701658),
(59, 59, 39.147622, -84.594548, 1336701670),
(60, 35, 39.147622, -84.594548, 1336701673),
(61, 90, 39.147622, -84.594548, 1336701677),
(62, 61, 39.147455, -84.594460, 1336782973),
(63, 35, 39.147455, -84.594460, 1336836702),
(64, 59, 39.147455, -84.594460, 1336836735),
(65, 60, 39.345890, -84.560501, 1336867178),
(66, 61, 0.000000, 0.000000, 1336881384),
(67, 61, 39.147584, -84.594540, 1336945933),
(68, 61, 39.148010, -84.477020, 1337277236),
(69, 61, 39.131442, -84.521055, 1337410112),
(70, 61, 39.131442, -84.521055, 1337410201),
(71, 47, 39.147631, -84.594523, 1337471335),
(72, 45, 39.147631, -84.594523, 1337471374),
(73, 39, 39.147631, -84.594523, 1337471389),
(74, 21, 39.147631, -84.594523, 1337471468),
(75, 83, 39.149276, -84.620912, 1337476471),
(76, 31, 39.149276, -84.620912, 1337476586),
(77, 75, 39.133704, -84.515837, 1337510071),
(78, 90, 39.148010, -84.477020, 1337530998),
(79, 74, 39.127792, -84.606025, 1337533844),
(80, 74, 39.157881, -84.649970, 1337533856),
(81, 74, 39.172255, -84.578559, 1337533866),
(82, 74, 39.172255, -84.578559, 1337533883),
(83, 90, 39.148010, -84.477020, 1337542313),
(84, 90, 39.148010, -84.477020, 1337542964),
(85, 74, 39.163983, -84.579330, 1337543007),
(86, 74, 39.163983, -84.579330, 1337657421),
(87, 70, 39.148010, -84.477020, 1337786634),
(88, 44, 39.148010, -84.477020, 1337786648),
(89, 44, 39.148010, -84.477020, 1337786649),
(90, 83, 39.045695, -84.658294, 1337822503),
(91, 74, 39.172255, -84.578559, 1338079674),
(92, 74, 39.147611, -84.594951, 1338172448),
(93, 75, 39.147611, -84.594951, 1338172457),
(94, 90, 39.138218, -84.435642, 1338231979),
(95, 32, 39.138218, -84.435642, 1338232077),
(96, 90, 39.138218, -84.435642, 1338232093),
(97, 74, 39.147611, -84.594951, 1338246951),
(98, 28, 39.147611, -84.594951, 1338246996),
(99, 74, 39.147611, -84.594951, 1338247031),
(100, 76, 40.727165, 8.558468, 1338300775),
(101, 61, 39.163983, -84.579330, 1338620568),
(102, 74, 37.322901, -121.825262, 1338946904),
(103, 64, 39.163983, -84.579330, 1339135157),
(104, 39, 39.147572, -84.594405, 1339138681),
(105, 27, 41.360166, -87.589584, 1339740736),
(106, 74, 39.147611, -84.594951, 1339875114),
(107, 70, 39.132699, -84.505687, 1339875286),
(108, 90, 39.132699, -84.505687, 1339875294),
(109, 75, 39.134269, -84.516722, 1339876568),
(110, 75, 39.134269, -84.516722, 1339878881),
(111, 74, 41.360166, -87.589584, 1339899504),
(112, 90, 39.132699, -84.505687, 1339942438),
(113, 90, 39.132699, -84.505687, 1339956951),
(114, 75, 39.132699, -84.505687, 1339959564),
(115, 90, 39.132699, -84.505687, 1339959583),
(116, 90, 39.132699, -84.505687, 1339959597),
(117, 90, 39.132699, -84.505687, 1339971834),
(118, 34, 39.132699, -84.505687, 1339974209),
(119, 34, 39.132699, -84.505687, 1339974411),
(120, 74, 41.360166, -87.589584, 1340063047),
(121, 63, 41.360166, -87.589584, 1340063051),
(122, 90, 39.045695, -84.658294, 1340063159),
(123, 75, 39.134269, -84.516722, 1340068488),
(124, 91, 39.148010, -84.477020, 1340075809),
(125, 93, 39.148010, -84.477020, 1340076885),
(126, 90, 39.172255, -84.578559, 1340105313),
(127, 74, 39.172255, -84.578559, 1340105335),
(128, 74, 39.172255, -84.578559, 1340105346),
(129, 74, 39.172255, -84.578559, 1340190794),
(130, 90, 39.172255, -84.578559, 1340237316),
(131, 74, 39.165334, -84.629886, 1340237711),
(132, 54, 39.165334, -84.629886, 1340237730),
(133, 90, 39.165334, -84.629886, 1340237775),
(134, 74, 39.165334, -84.629886, 1340247229),
(135, 91, 39.134269, -84.516722, 1340319732),
(136, 91, 39.134269, -84.516722, 1340319746),
(137, 43, 39.132699, -84.505687, 1340410540),
(138, 74, 41.360166, -87.589584, 1340415673),
(139, 74, 41.360166, -87.589584, 1340467612),
(140, 83, 39.126500, -84.522640, 1340473600),
(141, 91, 39.134269, -84.516722, 1340479619),
(142, 6, 39.315059, -84.220769, 1340479620),
(143, 6, 39.315059, -84.220769, 1340479631),
(144, 70, 39.315059, -84.220769, 1340479649),
(145, 92, 39.315059, -84.220769, 1340479675),
(146, 91, 39.134269, -84.516722, 1340480228),
(147, 91, 39.134269, -84.516722, 1340480649),
(148, 93, 39.134269, -84.516722, 1340480720),
(149, 91, 39.134269, -84.516722, 1340480813),
(150, 83, 39.126500, -84.522640, 1340480845),
(151, 83, 39.126500, -84.522640, 1340480876),
(152, 33, 39.126500, -84.522640, 1340480879),
(153, 83, 39.126500, -84.522640, 1340480883),
(154, 33, 39.126500, -84.522640, 1340480889),
(155, 64, 39.126500, -84.522640, 1340480893),
(156, 90, 39.126500, -84.522640, 1340480965),
(157, 83, 39.126500, -84.522640, 1340481420),
(158, 83, 39.126500, -84.522640, 1340481512),
(159, 67, 39.126500, -84.522640, 1340481525),
(160, 95, 39.315059, -84.220769, 1340481773),
(161, 95, 39.315059, -84.220769, 1340481837),
(162, 95, 39.315059, -84.220769, 1340481924),
(163, 95, 39.315059, -84.220769, 1340481996),
(164, 70, 39.315059, -84.220769, 1340482065),
(165, 27, 39.315059, -84.220769, 1340482076),
(166, 92, 39.315059, -84.220769, 1340482101),
(167, 74, 39.315059, -84.220769, 1340482124),
(168, 95, 39.315059, -84.220769, 1340482138),
(169, 95, 39.315059, -84.220769, 1340482164),
(170, 95, 39.315059, -84.220769, 1340482309),
(171, 95, 39.315059, -84.220769, 1340482517),
(172, 95, 39.315059, -84.220769, 1340482552),
(173, 95, 39.315059, -84.220769, 1340482577),
(174, 95, 39.315059, -84.220769, 1340482617),
(175, 92, 39.134269, -84.516722, 1340482878),
(176, 95, 39.315059, -84.220769, 1340482890),
(177, 91, 39.134269, -84.516722, 1340482890),
(178, 95, 39.315059, -84.220769, 1340482900),
(179, 95, 39.315059, -84.220769, 1340482907),
(180, 95, 39.315059, -84.220769, 1340483133),
(181, 95, 39.315059, -84.220769, 1340483140),
(182, 95, 39.126500, -84.522640, 1340483249),
(183, 95, 39.315059, -84.220769, 1340483672),
(184, 95, 39.134269, -84.516722, 1340483704),
(185, 92, 39.134269, -84.516722, 1340483831),
(186, 41, 39.165334, -84.629886, 1340484235),
(187, 95, 39.315059, -84.220769, 1340484250),
(188, 95, 39.315059, -84.220769, 1340484272),
(189, 95, 39.315059, -84.220769, 1340484308),
(190, 95, 39.315059, -84.220769, 1340484324),
(191, 95, 39.315059, -84.220769, 1340484334),
(192, 95, 39.315059, -84.220769, 1340484342),
(193, 25, 39.126500, -84.522640, 1340484347),
(194, 93, 39.165334, -84.629886, 1340484408),
(195, 92, 39.165334, -84.629886, 1340484415),
(196, 92, 39.134269, -84.516722, 1340484423),
(197, 83, 39.127443, -84.523140, 1340484572),
(198, 83, 39.127443, -84.523140, 1340484601),
(199, 92, 39.165334, -84.629886, 1340484625),
(200, 95, 39.165334, -84.629886, 1340484637),
(201, 67, 39.127443, -84.523140, 1340484783),
(202, 74, 39.165334, -84.629886, 1340484944),
(203, 95, 39.127443, -84.523140, 1340485319),
(204, 66, 39.165334, -84.629886, 1340485595),
(205, 90, 39.127443, -84.523140, 1340487120),
(206, 64, 39.127443, -84.523140, 1340487146),
(207, 74, 39.165334, -84.629886, 1340487851),
(208, 74, 39.165334, -84.629886, 1340487855),
(209, 74, 39.165334, -84.629886, 1340487901),
(210, 95, 39.127443, -84.523140, 1340488314),
(211, 95, 39.127443, -84.523140, 1340488328),
(212, 95, 39.127443, -84.523140, 1340488435),
(213, 95, 39.127443, -84.523140, 1340488445),
(214, 95, 39.127443, -84.523140, 1340488451),
(215, 95, 39.127443, -84.523140, 1340488458),
(216, 95, 39.127443, -84.523140, 1340488463),
(217, 90, 39.127443, -84.523140, 1340488466),
(218, 95, 39.127443, -84.523140, 1340488468),
(219, 95, 39.127443, -84.523140, 1340488470),
(220, 95, 39.127443, -84.523140, 1340488472),
(221, 74, 39.127443, -84.523140, 1340488474),
(222, 95, 39.127443, -84.523140, 1340488477),
(223, 95, 39.127443, -84.523140, 1340488487),
(224, 95, 39.127443, -84.523140, 1340488504),
(225, 90, 39.127443, -84.523140, 1340488511),
(226, 95, 39.127443, -84.523140, 1340488518),
(227, 95, 39.127443, -84.523140, 1340488519),
(228, 95, 39.127443, -84.523140, 1340488520),
(229, 95, 39.127443, -84.523140, 1340488523),
(230, 95, 39.127443, -84.523140, 1340488532),
(231, 92, 39.134269, -84.516722, 1340488545),
(232, 91, 39.134269, -84.516722, 1340488550),
(233, 95, 39.134269, -84.516722, 1340488559),
(234, 95, 39.127443, -84.523140, 1340488564),
(235, 95, 39.127443, -84.523140, 1340488570),
(236, 95, 39.134269, -84.516722, 1340488576),
(237, 95, 39.127443, -84.523140, 1340488579),
(238, 95, 39.134269, -84.516722, 1340488592),
(239, 95, 39.134269, -84.516722, 1340488595),
(240, 95, 39.165334, -84.629886, 1340488596),
(241, 95, 39.134269, -84.516722, 1340488601),
(242, 95, 39.134269, -84.516722, 1340488604),
(243, 95, 39.165334, -84.629886, 1340488606),
(244, 95, 39.127443, -84.523140, 1340488634),
(245, 93, 39.165334, -84.629886, 1340488680),
(246, 95, 39.165334, -84.629886, 1340488685),
(247, 95, 39.165334, -84.629886, 1340488717),
(248, 95, 39.127443, -84.523140, 1340488803),
(249, 63, 39.165334, -84.629886, 1340488835),
(250, 95, 39.165334, -84.629886, 1340488839),
(251, 95, 39.127443, -84.523140, 1340488846),
(252, 95, 39.127443, -84.523140, 1340488988),
(253, 33, 39.126500, -84.522640, 1340489031),
(254, 29, 39.165334, -84.629886, 1340489034),
(255, 33, 39.126500, -84.522640, 1340489074),
(256, 95, 39.127443, -84.523140, 1340489142),
(257, 74, 39.165334, -84.629886, 1340489454),
(258, 41, 39.165334, -84.629886, 1340489457),
(259, 41, 39.165334, -84.629886, 1340489500),
(260, 95, 39.127443, -84.523140, 1340489561),
(261, 83, 39.126500, -84.522640, 1340489565),
(262, 33, 39.126500, -84.522640, 1340489568),
(263, 95, 39.127443, -84.523140, 1340489569),
(264, 33, 39.126500, -84.522640, 1340489586),
(265, 95, 39.127443, -84.523140, 1340489587),
(266, 33, 39.126500, -84.522640, 1340489601),
(267, 33, 39.126500, -84.522640, 1340489613),
(268, 33, 39.126500, -84.522640, 1340489645),
(269, 95, 39.127472, -84.522800, 1340489651),
(270, 70, 39.132699, -84.505687, 1340489673),
(271, 33, 39.126500, -84.522640, 1340489701),
(272, 70, 39.132699, -84.505687, 1340489706),
(273, 67, 39.126500, -84.522640, 1340489707),
(274, 95, 39.165334, -84.629886, 1340489754),
(275, 95, 39.127669, -84.521949, 1340489772),
(276, 41, 39.165334, -84.629886, 1340489785),
(277, 95, 39.127669, -84.521949, 1340489826),
(278, 95, 39.127669, -84.521949, 1340489866),
(279, 83, 39.127451, -84.522795, 1340490074),
(280, 83, 39.127472, -84.522800, 1340490081),
(281, 95, 39.127451, -84.522795, 1340490081),
(282, 95, 39.127472, -84.522800, 1340490116),
(283, 95, 39.127451, -84.522795, 1340490168),
(284, 95, 39.127669, -84.521949, 1340490171),
(285, 95, 39.127472, -84.522800, 1340490187),
(286, 95, 39.127451, -84.522795, 1340490223),
(287, 95, 39.127669, -84.521949, 1340490237),
(288, 95, 39.127472, -84.522800, 1340490281),
(289, 90, 39.132699, -84.505687, 1340490307),
(290, 95, 39.132699, -84.505687, 1340490316),
(291, 95, 39.132699, -84.505687, 1340490339),
(292, 95, 39.127472, -84.522800, 1340490351),
(293, 95, 39.127669, -84.521949, 1340490353),
(294, 95, 39.127472, -84.522800, 1340490443),
(295, 90, 39.127472, -84.522800, 1340490459),
(296, 90, 39.127669, -84.521949, 1340490459),
(297, 95, 39.127472, -84.522800, 1340490463),
(298, 74, 39.127472, -84.522800, 1340490468),
(299, 74, 39.127472, -84.522800, 1340490477),
(300, 74, 39.127669, -84.521949, 1340490480),
(301, 90, 39.126500, -84.522640, 1340490504),
(302, 95, 39.132699, -84.505687, 1340490733),
(303, 95, 39.127669, -84.521949, 1340490784),
(304, 95, 39.127669, -84.521949, 1340490859),
(305, 95, 39.127669, -84.521949, 1340490952),
(306, 95, 39.132699, -84.505687, 1340491177),
(307, 95, 39.127669, -84.521949, 1340491179),
(308, 95, 39.132699, -84.505687, 1340491232),
(309, 90, 39.132699, -84.505687, 1340491240),
(310, 95, 39.132699, -84.505687, 1340491250),
(311, 33, 39.126500, -84.522640, 1340491311),
(312, 95, 39.127443, -84.523140, 1340491452),
(313, 95, 39.132699, -84.505687, 1340491624),
(314, 95, 39.132699, -84.505687, 1340491643),
(315, 95, 39.127472, -84.522800, 1340491713),
(316, 92, 39.127472, -84.522800, 1340491751),
(317, 90, 39.132699, -84.505687, 1340491757),
(318, 95, 39.132699, -84.505687, 1340491768),
(319, 90, 39.132699, -84.505687, 1340491773),
(320, 95, 39.132699, -84.505687, 1340491776),
(321, 95, 39.127472, -84.522800, 1340491783),
(322, 95, 39.127472, -84.522800, 1340491850),
(323, 95, 39.132699, -84.505687, 1340491963),
(324, 96, 39.127443, -84.523140, 1340492120),
(325, 96, 39.127443, -84.523140, 1340492141),
(326, 95, 39.127443, -84.523140, 1340492219),
(327, 96, 39.126500, -84.522640, 1340492239),
(328, 91, 39.127443, -84.523140, 1340492311),
(329, 92, 39.127443, -84.523140, 1340492348),
(330, 95, 39.127451, -84.522795, 1340492387),
(331, 95, 39.127472, -84.522800, 1340492415),
(332, 35, 39.127443, -84.523140, 1340492457),
(333, 95, 39.127472, -84.522800, 1340492621),
(334, 95, 39.127443, -84.523140, 1340492639),
(335, 95, 39.127472, -84.522800, 1340493624),
(336, 95, 39.127451, -84.522795, 1340494588),
(337, 95, 39.127451, -84.522795, 1340494613),
(338, 95, 39.127443, -84.523140, 1340494662),
(339, 33, 39.126500, -84.522640, 1340495033),
(340, 97, 39.127472, -84.522800, 1340496345),
(341, 83, 39.126500, -84.522640, 1340496362),
(342, 97, 39.127472, -84.522800, 1340496364),
(343, 97, 39.127472, -84.522800, 1340496453),
(344, 95, 39.127443, -84.523140, 1340496764),
(345, 95, 39.127443, -84.523140, 1340496774),
(346, 95, 39.127443, -84.523140, 1340496892),
(347, 96, 39.127443, -84.523140, 1340496906),
(348, 98, 39.127443, -84.523140, 1340497003),
(349, 99, 39.127472, -84.522800, 1340497003),
(350, 97, 39.127443, -84.523140, 1340497497),
(351, 96, 39.127443, -84.523140, 1340499906),
(352, 96, 39.127443, -84.523140, 1340500122),
(353, 96, 39.127443, -84.523140, 1340500136),
(354, 96, 39.127443, -84.523140, 1340500163),
(355, 101, 39.127443, -84.523140, 1340500403),
(356, 101, 39.127443, -84.523140, 1340500549),
(357, 97, 39.127443, -84.523140, 1340500562),
(358, 101, 39.127443, -84.523140, 1340500579),
(359, 101, 39.127443, -84.523140, 1340500591),
(360, 101, 39.127443, -84.523140, 1340500659),
(361, 99, 39.127443, -84.523140, 1340500734),
(362, 100, 39.127443, -84.523140, 1340500938),
(363, 99, 39.126500, -84.522640, 1340501007),
(364, 98, 39.126500, -84.522640, 1340501119),
(365, 100, 39.126500, -84.522640, 1340501129),
(366, 97, 39.126500, -84.522640, 1340501133),
(367, 99, 39.126500, -84.522640, 1340501141),
(368, 98, 39.126500, -84.522640, 1340501145),
(369, 101, 39.126500, -84.522640, 1340501150),
(370, 101, 39.126500, -84.522640, 1340501156),
(371, 67, 39.126500, -84.522640, 1340501759),
(372, 83, 39.126500, -84.522640, 1340501776),
(373, 99, 39.126500, -84.522640, 1340501778),
(374, 100, 39.126500, -84.522640, 1340501780),
(375, 98, 39.126500, -84.522640, 1340501783),
(376, 67, 39.126500, -84.522640, 1340501820),
(377, 83, 39.126500, -84.522640, 1340501836),
(378, 93, 39.126500, -84.522640, 1340501886),
(379, 95, 39.126500, -84.522640, 1340501976),
(380, 101, 39.127443, -84.523140, 1340503091),
(381, 101, 39.127443, -84.523140, 1340503093),
(382, 101, 39.127443, -84.523140, 1340503100),
(383, 97, 39.127443, -84.523140, 1340503103),
(384, 101, 39.127443, -84.523140, 1340503125),
(385, 101, 39.127443, -84.523140, 1340503456),
(386, 83, 39.127443, -84.523140, 1340503475),
(387, 102, 39.127443, -84.523140, 1340504239),
(388, 99, 39.127443, -84.523140, 1340504524),
(389, 101, 39.127443, -84.523140, 1340504925),
(390, 101, 39.127443, -84.523140, 1340504927),
(391, 101, 39.127443, -84.523140, 1340504930),
(392, 103, 39.127443, -84.523140, 1340505910),
(393, 103, 39.127443, -84.523140, 1340505916),
(394, 103, 39.127443, -84.523140, 1340505920),
(395, 102, 39.127443, -84.523140, 1340505922),
(396, 101, 39.127443, -84.523140, 1340505926),
(397, 103, 39.127443, -84.523140, 1340506010),
(398, 94, 39.127472, -84.522800, 1340506645),
(399, 104, 39.127443, -84.523140, 1340507342),
(400, 83, 39.127443, -84.523140, 1340507385),
(401, 101, 39.127443, -84.523140, 1340507459),
(402, 101, 39.127443, -84.523140, 1340507463),
(403, 103, 39.127443, -84.523140, 1340508075),
(404, 103, 39.127443, -84.523140, 1340508109),
(405, 104, 39.127443, -84.523140, 1340508242),
(406, 104, 39.127472, -84.522800, 1340508277),
(407, 104, 39.127451, -84.522795, 1340508279),
(408, 104, 39.127443, -84.523140, 1340508301),
(409, 104, 39.127443, -84.523140, 1340508719),
(410, 101, 39.127443, -84.523140, 1340508756),
(411, 106, 39.127472, -84.522800, 1340508808),
(412, 106, 39.127472, -84.522800, 1340508847),
(413, 106, 39.127472, -84.522800, 1340509047),
(414, 106, 39.127472, -84.522800, 1340509202),
(415, 106, 39.127472, -84.522800, 1340509264),
(416, 95, 39.315059, -84.220769, 1340513661),
(417, 101, 39.315059, -84.220769, 1340513674),
(418, 106, 39.315059, -84.220769, 1340513683),
(419, 98, 39.315059, -84.220769, 1340513694),
(420, 94, 39.315059, -84.220769, 1340513701),
(421, 94, 39.315059, -84.220769, 1340513706),
(422, 95, 39.315059, -84.220769, 1340513722),
(423, 95, 39.100734, -84.512554, 1340547013),
(424, 99, 39.100734, -84.512554, 1340547042),
(425, 92, 39.130701, -84.515472, 1340549393),
(426, 95, 39.130701, -84.515472, 1340549415),
(427, 105, 39.126500, -84.522640, 1340565112),
(428, 103, 39.126500, -84.522640, 1340565118),
(429, 101, 39.126500, -84.522640, 1340565128),
(430, 95, 39.126500, -84.522640, 1340565144),
(431, 99, 39.100734, -84.512554, 1340565960),
(432, 104, 39.147040, -84.711821, 1340569947),
(433, 103, 39.100734, -84.512554, 1340574033),
(434, 101, 39.100734, -84.512554, 1340574040),
(435, 99, 39.100734, -84.512554, 1340574042),
(436, 99, 39.100734, -84.512554, 1340574066),
(437, 99, 39.127443, -84.523140, 1340574309),
(438, 104, 39.127443, -84.523140, 1340574382),
(439, 99, 39.100734, -84.512554, 1340574389),
(440, 101, 39.127443, -84.523140, 1340574401),
(441, 101, 39.127443, -84.523140, 1340574406),
(442, 101, 39.127443, -84.523140, 1340574414),
(443, 101, 39.127443, -84.523140, 1340574416),
(444, 101, 39.127443, -84.523140, 1340574418),
(445, 83, 39.127443, -84.523140, 1340574448),
(446, 101, 39.127443, -84.523140, 1340574459),
(447, 99, 39.100734, -84.512554, 1340574477),
(448, 99, 39.100734, -84.512554, 1340574553),
(449, 99, 39.100734, -84.512554, 1340574583),
(450, 99, 39.100734, -84.512554, 1340574617),
(451, 99, 39.100734, -84.512554, 1340574781),
(452, 99, 39.100734, -84.512554, 1340574920),
(453, 95, 39.127443, -84.523140, 1340575138),
(454, 95, 39.127443, -84.523140, 1340582899),
(455, 90, 39.127443, -84.523140, 1340582906),
(456, 95, 39.127443, -84.523140, 1340582920),
(457, 104, 39.127443, -84.523140, 1340583142),
(458, 103, 39.127443, -84.523140, 1340583210),
(459, 102, 39.127443, -84.523140, 1340583244),
(460, 101, 39.127443, -84.523140, 1340583250),
(461, 104, 39.127443, -84.523140, 1340583257),
(462, 98, 39.127443, -84.523140, 1340583324),
(463, 97, 39.127443, -84.523140, 1340583343),
(464, 99, 39.127472, -84.522800, 1340584352),
(465, 99, 39.100734, -84.512554, 1340584352),
(466, 100, 39.127472, -84.522800, 1340584359),
(467, 60, 39.100734, -84.512554, 1340584383),
(468, 99, 39.127443, -84.523140, 1340587304),
(469, 95, 39.315059, -84.220769, 1340589490),
(470, 95, 39.315059, -84.220769, 1340589496),
(471, 105, 39.127472, -84.522800, 1340593685),
(472, 98, 39.147572, -84.594405, 1340597961),
(473, 108, 39.315059, -84.220769, 1340599649),
(474, 108, 39.315059, -84.220769, 1340599969),
(475, 95, 39.315059, -84.220769, 1340602630),
(476, 74, 39.315059, -84.220769, 1340602637),
(477, 99, 39.315059, -84.220769, 1340602648),
(478, 60, 39.315059, -84.220769, 1340602652),
(479, 106, 39.127443, -84.523140, 1340608254),
(480, 101, 39.127443, -84.523140, 1340608262),
(481, 103, 39.147572, -84.594405, 1340622404),
(482, 100, 39.126500, -84.522640, 1340630182),
(483, 83, 39.126500, -84.522640, 1340630391),
(484, 83, 39.126500, -84.522640, 1340630410),
(485, 99, 39.148010, -84.477020, 1340651586),
(486, 100, 39.184743, -84.496246, 1340657995),
(487, 95, 39.315059, -84.220769, 1340661597),
(488, 94, 39.315059, -84.220769, 1340661602),
(489, 95, 39.147572, -84.594405, 1340675445),
(490, 100, 39.127644, -84.521890, 1340675579),
(491, 97, 39.127644, -84.521890, 1340675602),
(492, 101, 39.127644, -84.521890, 1340675629),
(493, 74, 39.127644, -84.521890, 1340675667),
(494, 102, 39.110991, -84.526115, 1340676261),
(495, 99, 39.110991, -84.526115, 1340676298),
(496, 64, 39.110991, -84.526115, 1340676332),
(497, 95, 39.110991, -84.526115, 1340676342),
(498, 95, 39.110991, -84.526115, 1340676389),
(499, 102, 39.153335, -84.621559, 1340678724),
(500, 108, 39.315059, -84.220769, 1340682577),
(501, 103, 39.147572, -84.594405, 1340684073),
(502, 93, 39.215890, -84.704114, 1340732904),
(503, 102, 39.215890, -84.704114, 1340732908),
(504, 103, 39.215890, -84.704114, 1340732913),
(505, 103, 39.215890, -84.704114, 1340732978),
(506, 104, 39.215890, -84.704114, 1340733022),
(507, 98, 39.215890, -84.704114, 1340733030),
(508, 99, 39.215890, -84.704114, 1340733054),
(509, 104, 39.315059, -84.220769, 1340759172),
(510, 104, 39.148010, -84.477020, 1340783869),
(511, 104, 39.148010, -84.477020, 1340783895),
(512, 95, 39.126500, -84.522640, 1340906347),
(513, 95, 39.147572, -84.594405, 1341084742),
(514, 94, 39.126500, -84.522640, 1341084993),
(515, 98, 39.126500, -84.522640, 1341085403),
(516, 95, 39.126500, -84.522640, 1341085414),
(517, 98, 39.126500, -84.522640, 1341086548),
(518, 60, 39.130913, -84.516615, 1341104742),
(519, 109, 39.315059, -84.220769, 1341162187),
(520, 109, 39.315059, -84.220769, 1341162203),
(521, 98, 39.315059, -84.220769, 1341162237),
(522, 92, 39.138218, -84.435642, 1341170324),
(523, 100, 39.147572, -84.594405, 1341173718),
(524, 109, 39.126500, -84.522640, 1341182867),
(525, 95, 39.153335, -84.621559, 1341188111),
(526, 110, 39.315059, -84.220769, 1341197874),
(527, 110, 39.315059, -84.220769, 1341197880),
(528, 104, 37.456457, -122.144450, 1341268179),
(529, 98, 39.126500, -84.522640, 1341341281),
(530, 110, 39.126500, -84.522640, 1341417704),
(531, 99, 39.126500, -84.522640, 1341618835),
(532, 111, 39.345890, -84.560501, 1341687442),
(533, 111, 39.345890, -84.560501, 1341687451),
(534, 112, 39.345890, -84.560501, 1341687918),
(535, 97, 39.102533, -84.516556, 1341688383),
(536, 97, 39.127472, -84.522800, 1341697342),
(537, 111, 39.127472, -84.522800, 1341697530),
(538, 110, 39.127472, -84.522800, 1341704742);

-- --------------------------------------------------------

--
-- Table structure for table `user_events`
--

CREATE TABLE IF NOT EXISTS `user_events` (
  `event_id` int(20) NOT NULL AUTO_INCREMENT,
  `user_id` int(20) NOT NULL,
  `event_title` varchar(100) NOT NULL,
  `event_description` varchar(500) NOT NULL,
  `end_date` datetime NOT NULL,
  `start_date` datetime NOT NULL,
  `date_created` datetime NOT NULL,
  `public` int(1) NOT NULL,
  `is_contactable` int(2) NOT NULL,
  `contact_type` varchar(10) NOT NULL,
  `contact_info` varchar(30) NOT NULL,
  `event_price` double NOT NULL,
  `event_currency` varchar(30) NOT NULL,
  `homepage_url` varchar(255) NOT NULL,
  `tags_list` varchar(50) NOT NULL,
  `is_free` tinyint(4) NOT NULL DEFAULT '1',
  `is_outdoors` tinyint(4) NOT NULL DEFAULT '0',
  PRIMARY KEY (`event_id`),
  FULLTEXT KEY `tags_list` (`tags_list`)
) ENGINE=MyISAM  DEFAULT CHARSET=latin1 AUTO_INCREMENT=114 ;

--
-- Dumping data for table `user_events`
--

INSERT INTO `user_events` (`event_id`, `user_id`, `event_title`, `event_description`, `end_date`, `start_date`, `date_created`, `public`, `is_contactable`, `contact_type`, `contact_info`, `event_price`, `event_currency`, `homepage_url`, `tags_list`, `is_free`, `is_outdoors`) VALUES
(31, 1, 'Bible Study', 'Do you ever wonder how people can treat each other so terribly? Do you wish there was a solution for the rough parts of your life?\n\nJoin us in 850D room, at CEAS library, Baldwin hall as we search for the answers to these and other questions.\n\nTAGS: religion;', '2012-04-27 19:00:00', '2012-04-27 21:00:00', '2012-04-07 23:13:17', 1, 0, '', '', 0, '', '', '', 1, 0),
(6, 1, 'Custom Party', 'Testing', '2012-03-31 00:48:00', '2012-04-02 00:48:00', '2012-03-29 00:48:53', 1, 0, '', '', 0, '', '', '', 1, 0),
(72, 1, 'PAC@NITE', 'Located in the Bearcat Plaza (between TUC and the football field)\n\nMake the most out of your spring quarter by joining us monday night to watch some of your favorite TV shows. Find "thPAC Man" on Facebook or follow us @PACUC\n\nFREE PIZZA AND DRINKS\n\n\npresented by the programs and activities council www.uc.edu/groups/pac\n\nTAGS: free food', '2012-04-30 23:59:00', '2012-04-30 20:00:00', '2012-04-12 02:19:32', 1, 0, '', '', 0, '', '', '', 1, 0),
(20, 1, 'Fashion Design Student Association', 'Meetings Thursdays @ 5:00pm in DAAP room 6451.\n\nOpportunities to gain service hours!!!\nAll majors are welcome.\n\nContact:\nfdsa.daap@gmail.com\n', '2012-04-12 17:00:00', '2012-04-12 18:30:00', '2012-04-07 21:34:10', 1, 0, '', '', 0, '', '', '', 1, 0),
(21, 1, 'Jerry Spring  - Liberalism... the Last best hope for the middle class', 'Liberalism... the Last Best Hope For the Middle Class\n\nJerry Springer - Talk show host and former mayor of Cincinnati.\n\nIn DAAP - school of planning room 5401', '2012-04-19 12:30:00', '2012-04-19 13:30:00', '2012-04-07 21:39:28', 1, 0, '', '', 0, '', '', '', 1, 0),
(22, 1, 'Life of the Mind - Interdisiplinary conversation with UC faculty', 'Located in the Russell C. Myers Alumni Center. \n\nThought provocateurs:\n\nStephen Fiol - Asst. Professor of Ethnomusicology at CCM\n\nTopic: Performance Identity\n\nLaura Dudley Jenkins - Assoc. Professor of Political Science at McMicken College of Arts and Sciences.\nTopic: Identity Improvisation\n\nGregory H - President at University of Cincinnati\nTopic: Identity - Two Centuries of Uncertainty\n\nTAGS: free food;education; University of Cincinnati', '2012-04-10 15:30:00', '2012-04-10 17:00:00', '2012-04-07 21:55:09', 1, 0, '', '', 0, '', '', '', 1, 0),
(23, 1, 'Find Yourself In God''s Story', 'Find yourself in God''s Story - Explore the story of God through worship, Bible study, home-cooked meals, and community. Everyone is welcome!\n\nACTS ALIVE\nTuesdays from 6:30 to 8:00pm\nat The Edge House (3007 Clifton Avenue)\n\nHosted by Greater Cincinnati Lutheran Student Fellowship (Students Reaching Out, Living and Abiding through Jesus Christ)\n\nContact: Jamie Noyd, contact@gclsf.org, www.gclsf.org, 859.802.4515\n\n\nTAGS: religious; University of Cincinnati; free food', '2012-04-10 15:30:00', '2012-04-10 17:00:00', '2012-04-07 22:04:18', 1, 0, '', '', 0, '', '', '', 1, 0),
(24, 1, 'Young Americans for LIBERTY', 'Weekly Meetings: Wednesdays 7:00pm 419 TUC\n\nOur country was created to protext our freedoms and guarantee our rights of life, liberty, and property.\n\nOur goal is to cast the leaders of tomorrow and reclaim the policies, candidates and direction of our government.\n\n\nContact: www.ucyal.org facebook.com/groups/ucyal\nTAGS:Politics', '2012-04-11 19:00:00', '2012-04-11 20:00:00', '2012-04-07 22:09:06', 1, 0, '', '', 0, '', '', '', 1, 0),
(25, 1, 'UC Robotics Club', 'UC Robotics Team\n\nMeets on Fridays at 1pm\n\n551 Baldwin\n\nContact: fitternt@mail.uc.edu\nTAGS:Tech;Club;Robotics', '2012-04-11 19:00:00', '2012-04-11 20:00:00', '2012-04-07 22:11:23', 1, 0, '', '', 0, '', '', '', 1, 0),
(26, 1, 'NSTB Accident Investigation of a Comair EMB-120', 'NTSB Accident Investigation of a Comair EMB-120, and Crash Site Health and Safety Hazards.\nJim Hookey, National Transportation Specialist (Powerplants)\n\n\nIn Kehoe Auditorium\n\nJim Hookey is a Senior Crash Investigator and Powerplants specialist for the NTSB His presentation will cover failure analysis NTSB style using the crash of a Comair EMB-120 as an example of the day-by-day scene investigation work and identification of the root cause of the failure\n\nTAGS: eudcation;engineering;guest speaker', '2012-04-12 16:00:00', '2012-04-12 22:00:00', '2012-04-07 22:17:54', 1, 0, '', '', 0, '', '', '', 1, 0),
(27, 1, 'S-PAC'' 12', 'IEEE with Marathon Petroleum present Cincinnati''s Regional Professional Speaker series 1012 part 1\n\nOur Notable Speaker: Dr. Gary Blank on Consulting: An Exciting way to Practice Engineering\n\nas always FREE PIZZA\n\nlocated in 427 Engineering Research Center\n\nTAGS: education;engineering;guest speaker; free food', '2012-04-10 17:30:00', '2012-04-10 19:30:00', '2012-04-07 22:22:58', 1, 0, '', '', 0, '', '', '', 1, 0),
(28, 1, 'UC College Democrats', 'Swift 800 - Come be a jackass!\n\nThursdays @ 6pm\n\nTAGS: politics;', '2012-04-12 18:00:00', '2012-04-12 19:30:00', '2012-04-07 22:24:34', 1, 0, '', '', 0, '', '', '', 1, 0),
(29, 1, 'Ecological Dynamics of Perception-Action', 'Drs. Michael Richardson & Steven Harrison Center for Cognition, Action and perception Dept of Psychology University of Cincinnati\n\nMonday, April 9th @ 4pm 502 Rieveschl Hall\n\nTAGS: education;biology', '2012-04-12 18:00:00', '2012-04-12 19:30:00', '2012-04-07 22:27:33', 1, 0, '', '', 0, '', '', '', 1, 0),
(30, 1, 'Swing Dancing!', 'LOVE to Swing dance?\nDon''t know how but want to learn?\n\nMeeting mondays at 7pm in TUC atrium\n\nThere will be a FREE Lesson each meeting followed by social dancing. No experience or partner needed!\n\nContact: uchepcatsclub@gmail.com or check out facebook.com/uchepcats\n\nTAGS: dancing;health;club', '2012-04-16 19:00:00', '2012-04-16 20:30:00', '2012-04-07 22:30:34', 1, 0, '', '', 0, '', '', '', 1, 0),
(32, 1, 'Pharaoh Loosey at Stanley''s Pub', '\n\nFree Show by Pharaoh Loosey at Stanley''s Pub\n\n\nContact: MissionMan.net\nTAGS: live music;free;pub', '2012-04-18 20:00:00', '2012-04-18 23:59:00', '2012-04-07 23:17:41', 1, 0, '', '', 0, '', '', '', 1, 0),
(33, 1, 'Karaoke', 'Karaoke hosted by DJ Trippy Tran\n\nEvery Monday 9pm-1am\n\n- Over 25,00 Karaoke Songs\n- Network with videographers and Sound Engineers\n- Bring in a CD to perform original material\n- $2 Monthly drink specials\n- FREE hot dogs, popcorn and pizza\n\nContact: youtube.com/trippytranfilms\n\nTAGS: karaoke;free;pub;repeat;free food', '2012-04-16 20:00:00', '2012-04-17 01:00:00', '2012-04-07 23:24:12', 1, 0, '', '', 0, '', '', '', 1, 0),
(34, 1, 'FauxReal - A Forger''s Story', 'This very unusual exhibition will discuss the events behind this continuing story, the problems they create, and the man behind this mystery. On view in this exhibition will be many of the actual forgeries attributed to Landis, a variety of artifacts and ephemera, photographs, and even materials provieded directly by Landis himself to the exhibition.\n\nDAAP Rm 5275\n\nTAGS: free;art;daap', '2012-04-05 17:00:00', '2012-05-20 17:00:00', '2012-04-07 23:29:25', 1, 0, '', '', 0, '', '', '', 1, 0),
(35, 5, 'Peter Pan', 'Brought to you free by DAFT, our version of J M Barrie''s Peter Pan. \n\nApril 13th - 7:00pm\nApril 14th - 2:00pm, 7:00pm\n\nLocated in the Banquet Room in Stratford Heights, 2364 Stratford Ave\n\nReserve your Tickets at dafttheater@gmail.com\n\nTAGS: free;art;daft theater', '2012-05-14 22:00:00', '2012-05-14 19:00:00', '2012-04-07 23:34:58', 1, 1, 'email', 'dafttheater@gmail.com', 0, '', '', '', 1, 0),
(36, 1, 'Relay for Life @ UC', 'What:\n-18 hour overnight event\n- Teams of 8-15 people\n- Set up tents\n- Camp out all night\n- Fundraiser\n\nHelp Us Reach our goal of $150,000 so over the past 10 year we will have raised $1 million at UC!\n\n\nWhy:\n-To fight CANCER\n-To get 9 service hours\n-To camp out all night\n-To party with all your friends\n\nwww.Relayforlife.org/ucincinnati\n\nTAGS: Charity;University of Cincinnati', '2012-04-27 18:00:00', '2012-05-28 12:00:00', '2012-04-07 23:43:03', 1, 0, '', '', 0, '', '', '', 1, 0),
(37, 1, 'Cultural Connections', 'Meetings Every Wednesday @ 6:00pm\n645 baldwin\n\nGroup dinners last wed of every month\n\nBuilding a multi-cultural student community connected through friendship.\n\nWe are UC Cultural Connections, a student group working to bring students from many different backgrounds and cultures together here in Cincinnati on one campus.\n\nContact: ucculturalconnections@gmail.com, join facebook group UC Cultural connections\n\nTAGS: Culture;University of Cincinnati;repeat', '2012-04-18 18:00:00', '2012-05-18 20:00:00', '2012-04-07 23:48:54', 1, 0, '', '', 0, '', '', '', 1, 0),
(38, 1, 'Theology Throwdown', 'In the Middle Ages, the Church saved the Arts. Now the arts will save the Church. Discuss.\n\nIn DAAP cafe.\n\nIncludes free homemade pie\n\nTAGS: religion;free food;repeat', '2012-04-20 19:00:00', '2012-04-20 21:00:00', '2012-04-07 23:51:49', 1, 0, '', '', 0, '', '', '', 1, 0),
(39, 1, 'Gender Bloc', '-Explore your identity with a diverse group of college students.\n- Work for change on campus, in Cincinnati and across the nation\n- Learn and educate your peers about the struggles faced by LGBTQ students\n- Connect with students to form friendships that will last past graduation\n\ngenderbloc.org\n\nThursdays @ 7pm in Swift 520\n\nTAGS: Activism;GenderBloc;repeat', '2012-04-20 19:00:00', '2012-04-20 21:00:00', '2012-04-07 23:55:31', 1, 0, '', '', 0, '', '', '', 1, 0),
(40, 1, 'Connect Worship', 'Stripping everything away but Jesus. \n\nTuesdays 7pm Swift Hall, Room 608\n\nTAGS: religion; repeat', '2012-04-17 19:00:00', '2012-04-17 20:00:00', '2012-04-08 01:00:33', 1, 0, '', '', 0, '', '', '', 1, 0),
(41, 1, 'Passover BBQ', 'Located at the Chabad House Jewish Student Center.\n\nSpread the word! Bring a Friend!!\n\nVegetarian Menu Available!\n\nTAGS: religion;free food;', '2012-04-09 17:30:00', '2012-04-09 19:30:00', '2012-04-08 01:05:06', 1, 0, '', '', 0, '', '', '', 1, 0),
(42, 1, 'Passover Picnic', 'Passover Picnic on McMicken Commons\n\nA Chabad at UC program\n\nTAGS: religion;free food;', '2012-04-11 12:30:00', '2012-04-11 14:00:00', '2012-04-08 01:07:01', 1, 0, '', '', 0, '', '', '', 1, 0),
(43, 1, 'Shabbat/Passover Dinner', 'Who''s running for Student President at UC this year? Come hear about their platforms and ask questions!\n\nLocated at the Chabad house Jewish Student Center\n\nTAGS: religion;free food;', '2012-04-11 12:30:00', '2012-04-11 14:00:00', '2012-04-08 01:08:55', 1, 0, '', '', 0, '', '', '', 1, 0),
(44, 1, 'Get Rewarded for your Opinions On Food!', 'Location Mick and Mack''s (TUC level 3)\n\nAttend a food focus Committee meeting, and we''ll give you a $10 Mick & Mack''s Gift Vertificate* on Top of the FREE FOOD.\n\nRSVP''s are strongly reccomended.\nemail Ian Sroufe at:\nsroufe-Ian@aramark.com\n\nTAGS: Offical University Event;free food;', '2012-04-12 16:30:00', '2012-04-12 17:30:00', '2012-04-08 01:14:22', 1, 0, '', '', 0, '', '', '', 1, 0),
(45, 1, 'Become a Gotcha Covered Volunteer!', 'Want to increase condom access to UC students and join the fight against STIs and unplanned pregnancy?\n\nBecome a Gotcha Covered Volunteer, Volunteers are given a free supply of condoms and information for distribution! Avalible to anyone living with multiple UC students (RAs, Greek Life, ect ect)\n\nAttend a one hour training session to get started!\n\nLocated in room 681 in the Student Steger Life Center\n\n\nSign up by calling the contact number or stopping by 675\nContact 513.556.6124\n\nTAGS: Atavism;', '2012-04-16 16:00:00', '2012-04-16 17:00:00', '2012-04-08 01:30:48', 1, 0, '', '', 0, '', '', '', 1, 0),
(46, 1, 'H2O Thirst No more', 'Whether you are thirsting for a college Church or searching for answers to spiritual questions, check out h20 and experience the living water.\n\nSundays @ 11;20am TUC Main Street Cinema\n\nThursdays @ 7pm 200 Stratford Heights\n\nCheck it out Online at \n\nwww.h20cincinnati.com\n\nor email h20@h20cincinnati.com', '2012-04-15 11:20:00', '2012-04-15 12:20:00', '2012-04-08 01:40:03', 1, 0, '', '', 0, '', '', '', 1, 0),
(47, 1, 'Anime UC', 'Every Friday 644/544 baldwin\n\nFind us on facebook! Anime UC\n\nTAGS: Anime; repeat', '2012-04-13 19:00:00', '2012-04-13 23:30:00', '2012-04-08 01:44:29', 1, 0, '', '', 0, '', '', '', 1, 0),
(48, 1, 'Miss Afri College', 'Located in TUC.\n\nPresented by University of Cincinnati African \nStudent Association\n\nProudly Sponsored by: \n\nThe African American Cultural and resource Center\n\nTAGS:ethnic', '2012-04-14 17:00:00', '2012-04-14 20:00:00', '2012-04-08 01:47:30', 1, 0, '', '', 0, '', '', '', 1, 0),
(49, 1, 'UC Mountaineering Club', 'Do you like the outdoors? then the UC mountaineering club is for you!\n\nNo experience required. Beginners definitely welcome!\n\nMeetings every wednesday 7:00pm 525 Old Chem\n\nwww.UCMC.org\n\n"Come Adventure with us!"\n\nTAGS:club;repeat;', '2012-04-11 19:00:00', '2012-04-11 21:00:00', '2012-04-08 01:51:28', 1, 0, '', '', 0, '', '', '', 1, 0),
(50, 1, 'UC Book Club: The Girl With the Dragon Tattoo', 'April''s book is The Girl With the Dragon Tatoo, by Stieg Larsson\n\nPick up a copy from the UC bookstore and join us for fun conversation and FREE PIZZA.\n\nLocated in the UC bookstore, TUC level 3\n\nTAGS:club;free food;', '2012-04-24 17:00:00', '2012-04-24 19:00:00', '2012-04-08 01:54:18', 1, 0, '', '', 0, '', '', '', 1, 0),
(51, 1, 'Weiss Kaplan Newman Trio', 'Located at the UC/CCM: Werner Recital Hall\n\nClancy Newman:Juxt-opposition\nLudwig van Beethoven: Piano trio in G Major p. 1 No. 2\nJennifer Higdon: Piano Trio\nJohannes Brahms: Piano Trio in C Minor Op 101\n\nPraised by London''s The Strad: "consummate artistry ... a gripping performance of ever-increasing lyrical intensity"\n\nTAGS:ccm;arts;live music', '2012-04-24 20:00:00', '2012-04-24 21:00:00', '2012-04-08 02:05:02', 1, 0, '', '', 0, '', '', '', 1, 0),
(52, 1, 'One Day Without Shoes', 'Univsersity of Cincinnati is going without shoes so kids don''t have to.\n\nMeet up from 11am-2pm on the McMicken Commons and again at 2:30-30:30pm in the TUC Cinema\n\nOne Day Without Shoes is the day we raise awareness of the impact a pair of shoes can have on a child''s life by going without shoes.\n\nTAGS:activism; ', '2012-04-10 11:00:00', '2012-04-10 15:30:00', '2012-04-08 02:09:15', 1, 0, '', '', 0, '', '', '', 1, 0),
(53, 1, 'Umoja Praise Dance Ensemble', 'Meets every Sunday 6-8pm in AACRC\n\n*No previous dance experience necessary\n\nContact: umojapdensemble@gmail.com\n\nTAGS: dance;repeat', '2012-04-15 18:00:00', '2012-04-15 20:00:00', '2012-04-08 07:29:49', 1, 0, '', '', 0, '', '', '', 1, 0),
(54, 1, 'Urban and Regional helth Planning: The Appalachian Case', 'Professor Robert L. Ludke and Professor Phillip J. Obermiller will be discussing "Urban and Regional health Planning: The Appalachian Case" based on their book, Appalachian Health and Well-Being, recently published by the University Press of Kentucky.\n\n\n\n\nTAGS: education; guest speaker;', '2012-04-10 12:30:00', '2012-04-10 14:30:00', '2012-04-08 07:45:22', 1, 0, '', '', 0, '', '', '', 1, 0),
(55, 1, 'Gatorade Pong', '1st Place $500\n2nd Place $250\n3rd Place $150\n\nLocated at the Amory Feildhouse\n\nDoors open 5pm\nFood 5:15pm \nfirst game 6pm\n\n$20 day of registration\n\n\nTAGS: free food;', '2012-04-12 17:00:00', '2012-04-12 20:00:00', '2012-04-08 08:19:59', 1, 0, '', '', 0, '', '', '', 1, 0),
(56, 1, 'Finding Nemo', 'Com and enjoy a FREE movie and snacks with your family!\n\nLocated at the Main Street Cinema in TUC\n\nPresented by Friday Night Live\n\nContact: Student Wellness Center 675 Steger Student Life Center For more info call 556-6124 or visit www.uc.edu/wellness\n\nTAGS: Free;', '2012-04-13 17:30:00', '2012-04-13 19:30:00', '2012-04-08 08:31:17', 1, 0, '', '', 0, '', '', '', 1, 0),
(57, 1, 'Game Night', 'Join us for a pool tournament, open arcade, & board/card games. Great Prizes!\n\nLocated at Catskeller in TUC lv 1\n\n\nContact: Student Wellness Center 675 Steger for more info call 556-6124 or vist www.uc.edu/wellness\n\nTAGS: \n\n', '2012-04-20 19:00:00', '2012-04-20 23:00:00', '2012-04-08 08:36:39', 1, 0, '', '', 0, '', '', '', 1, 0),
(58, 1, 'Gender F*ck Drag Show', 'Enjoy a night of fabulous gender-bending performances!\n\nLocated at Catskeller in TUC level 1\n\nContact: Student Wellness Center 675 Steger Student Life Center For More info call 556-6124 or visit www.uc.edu/wellness\n\nTags:', '2012-05-04 21:00:00', '2012-05-04 23:00:00', '2012-04-08 08:40:37', 1, 0, '', '', 0, '', '', '', 1, 0),
(59, 1, 'FNL Cook Out', 'Hang out with friends and enjoy FREE food!\n\nLocated on the McMicken Commons\n\nContact: Student Wellness Center 675 Steger Student Life Center For more info call 556-6124 or visit www.uc.edu/wellness\n\nTAGS: free food', '2012-05-11 17:00:00', '2012-05-11 20:00:00', '2012-04-08 08:45:32', 1, 0, '', '', 0, '', '', '', 1, 0),
(60, 5, 'Tie Dye Party', 'Go back to the 70s by creating your own tie dye shirt! All supplies provided!\n\nLocated on the McMicken Commons\n\nContact: Student Wellness Center 675 Steger Student Life Center For more info call 556-6124 or visit www.uc.edu/wellness\n\nTags:', '2012-05-19 00:00:00', '2012-05-18 21:00:00', '2012-04-08 08:48:13', 1, 1, 'phone', '5135566124', 0, '', '', '', 1, 0),
(61, 1, 'Ice Cream Social ', 'FREE ice cream with all the toppings to kick off your summer!\n\nLocated on the McMicken Commons\n\nContact: Student Life Center for more info call 556-6124 or visit www.uc.edu/wellness\n\nTAGS: free food', '2012-06-01 16:00:00', '2012-06-01 18:00:00', '2012-04-08 08:51:08', 1, 0, '', '', 0, '', '', '', 1, 0),
(62, 1, 'CRU', 'Cru is an interdenominatinoal Christian student movement. We offer many opportunities to connect and make freinds, ways to get involved in social justice, and solid spiritual development. We have weekly gatherings and several other events throughout the year. Come check it out! We''d love to get to know you!\n\nLocated at the TUC cinema\n\nContact: cincycru.com\n\nTAGS: religion ', '2012-04-18 20:00:00', '2012-04-18 22:00:00', '2012-04-08 08:54:42', 1, 0, '', '', 0, '', '', '', 1, 0),
(63, 1, 'NOSH', 'Thoughtful worship, good conversation, generous welcome, homemade dinner. Located at ''The Edge'' campus ministry house.\n\n\nTAGS: religion; free food', '2012-04-15 17:45:00', '2012-04-15 20:00:00', '2012-04-08 08:58:16', 1, 0, '', '', 0, '', '', '', 1, 0),
(64, 1, 'Sherlock Holmes 2 - A Game of Shadows', 'Meet on Bldg 17 porch at 6:45 to walk together to the TUC Cinema (Movie starts at Seven)\n\nLocated in Stratford Heights\n\n\nTAGS: movie', '2012-04-10 19:00:00', '2012-04-10 22:00:00', '2012-04-08 09:03:22', 1, 0, '', '', 0, '', '', '', 1, 0),
(65, 1, 'Fatherhood In the Inner City', 'Kathryn edin - Harvard university-John F. Kennedy School of Government\n\nDr. Kathryn Edin is Professor of Public Policy and Managment at the Harvard Kennedy School She is the author of the books Unmarried Couples with Children: The Unfolding Lives of New Unmarried Urban Parents Promises I can Keep: Why Poor Women Put Motherhood before Marriage and Making Ends Meet: How Low Income Single Mothers Survive Welfare and Low Wage Work\n\nAt Taft house at Stratford Heights\n\nTAGS: guest speaker; education', '2012-04-13 15:00:00', '2012-04-13 16:30:00', '2012-04-08 10:02:58', 1, 0, '', '', 0, '', '', '', 1, 0),
(66, 1, 'Cloud Computing and Security Policy', 'Located at 500 Swift\n\nIn this lecture, Timothy Grance will talk about Cloud computing and will discuss the main security concerns about its complicated structures. Cloud computing is a new model of delivery for computing as a service, whereby shared hardware like computers, software and other information technology serveries are provided as a metered service over a network such as a metered service over a network such as the Internet...\n\nTAGS: education; guest-speaker;', '2012-04-11 15:00:00', '2012-04-11 16:00:00', '2012-04-08 10:13:57', 1, 0, '', '', 0, '', '', '', 1, 0),
(67, 1, 'Rhetoric, Literacy, and the Digital', 'Located at the college of Law - Room 114\n\nProfessor Jonathan Alexander will unpack some of the debates surrounding digitality and its sometimes praised, sometimes bemoaned impact on literacy. In this lecture, he will argue that understanding digitally demands a robust engagement with the humanities, particularly notions of individual and collective agency shift in digital spheres. He will argue that, at the same time, the humanities must embrace...\n\nTAGS: guest-speaker; education', '2012-04-12 19:00:00', '2012-04-12 21:00:00', '2012-04-08 10:26:06', 1, 0, '', '', 0, '', '', '', 1, 0),
(68, 1, 'Kelcey Parker Fiction Reading', 'Located in 646 Langsam Library\n\nKelcey Parker is the author of For Sale by owner (Kore Press) winner of the 2011 next generation Indie Book Award in Short Fiction. Her next book, Liliane''s balcony, is forthcoming from Rose metal Press in 2013. Her stories have appeared in numerous literary journals including Image where she was featured as Artist of the Month.\n\nInformation:\n513-556-5924\nEnglish.ArtSci@uc.edu\n\nTAGS: Guest Speaker ', '2012-04-13 16:00:00', '2012-04-13 19:00:00', '2012-04-08 10:32:14', 1, 0, '', '', 0, '', '', '', 1, 0),
(69, 1, 'International Festival!', 'A Worldfest Week Event\n\nCome sample diffrent types of international cuisine ans watch preformances from around the world! There will be 35 booths featuring a variety of cultural offerings\n\nThe festival is coordinated by UC International Sponsored by SALD and Mainstreet\n\nTAGS: ethnic; free food', '2012-04-26 11:00:00', '2012-04-26 14:00:00', '2012-04-08 10:46:33', 1, 0, '', '', 0, '', '', '', 1, 0),
(70, 1, 'Ushindi Cookout', 'Located at the Sigma Sigma Commons\n\nCome check out the cookout\n\nTAGS: free food', '2012-04-20 17:00:00', '2012-04-20 19:00:00', '2012-04-08 10:51:09', 1, 0, '', '', 0, '', '', '', 1, 0),
(71, 1, 'Worldfest Kickoff Celebration: Parade of Flags', 'Located in the TUC Great Hall\n\nCome to kick off worldfest at the flags ceremony!\n\nTAGS:', '2012-04-23 16:00:00', '2012-04-23 19:00:00', '2012-04-08 10:55:16', 1, 0, '', '', 0, '', '', '', 1, 0),
(73, 1, 'Settlers of Catan Tournment', 'Located at "The Edge House" \n\n- No Entry Fee!\n- Fabulous Prizes!!\n\nregister by april 18th to pastor@edge-uc.org\n\nTAGS: religion;board games', '2012-04-23 22:00:00', '2012-04-23 17:00:00', '2012-04-12 02:22:22', 1, 0, '', '', 0, '', '', '', 1, 0),
(74, 5, 'Black sheep party', 'Everybody come to the black sheep!', '2012-04-13 23:38:00', '2012-04-13 20:38:00', '2012-04-13 00:41:11', 1, 0, '', '', 0, '', '', '', 1, 0),
(75, 6, 'Chem 103 Si Session', 'Chem 103 Si Session.  \nSi Leader : Tuan Dinh\nZimmer 413', '2012-04-14 12:00:00', '2012-04-14 11:00:00', '2012-04-13 16:01:15', 1, 0, '', '', 0, '', '', '', 1, 0),
(76, 5, 'Jazz at Mirror Lake', 'Bring a picnic and enjoy a different concert every Thursday in May; provided by the Jazz Studies area of The School of Music.', '2012-05-03 21:00:00', '2012-05-03 19:30:00', '2012-04-14 21:15:18', 1, 0, '', '', 0, '', '', '', 1, 0),
(77, 5, 'Hiphop Literacies: Globalization of Black Popular Culture', 'HHL2: The Globalization of Black Popular Culture invites participation from across campus, the wider community and across the globe. We are planning a diverse event that should not be missed. Selected papers will be published in a special edition of an academic journal.', '2012-05-09 20:00:00', '2012-05-09 09:00:00', '2012-04-14 21:18:35', 1, 0, '', '', 0, '', '', '', 1, 0),
(78, 5, '50th Alpheus Smith Lecture', '50th Alpheus Smith Lecture	\nLecture by 2011 Nobel Laureate - Adam G. Riess - "Supernovae Reveal An Accelerating Universe"', '2012-05-10 21:30:00', '2012-05-10 20:00:00', '2012-04-14 21:21:30', 1, 0, '', '', 0, '', '', '', 1, 0),
(85, 6, 'Chemistry Help', 'Chem Bio Library', '2012-04-20 15:00:00', '2012-04-20 14:00:00', '2012-04-19 16:58:13', 1, 0, '', '', 0, '', '', '', 1, 0),
(83, 14, 'Dub Step Ragefest', 'Dub step, booze, underage women and frantic dancing. Come one, come all.', '2012-04-22 18:00:00', '2012-04-21 10:00:00', '2012-04-16 00:25:35', 1, 0, '', '', 0, '', '', '', 1, 0),
(84, 6, 'Exam Review Chem 103', 'Si Leader: Tuan Dinh\nCovering Chapters 17-19.2', '2012-04-18 18:30:00', '2012-04-18 17:00:00', '2012-04-16 03:24:19', 1, 0, '', '', 0, '', '', '', 1, 0),
(86, 8, 'Harry Potter Club', 'ENGL 203 Topics in Literature is featuring Harry Potter as subject matter. Some of the students meet additionally after the class to discuss the books. Location: Oldchem: 702', '2012-04-20 19:00:00', '2012-04-20 16:00:00', '2012-04-19 17:02:51', 1, 0, '', '', 0, '', '', '', 1, 0),
(88, 16, 'Palmer Fest', 'YOU KNOW.', '2012-04-28 15:00:00', '2012-04-28 12:00:00', '2012-04-25 04:12:13', 1, 0, 'none', 'none', 0, '', '', '', 1, 0),
(90, 6, 'College Night ', 'Location: Holy Grail Tavern & Grille Address: 13 W. Charlton StreetCincinnati, OH 45219[Map] Phone: (513) 961-2200 Organizer: Don Andres ( holygrail@fuse.net ) [HGCORRY] College Nite!COLLEGE NITE! Featuring DJ Chris $1 domestic drafts$2 domestic bottles$3 shot of the nite', '2012-05-11 00:00:00', '2012-05-10 21:00:00', '2012-05-05 22:54:13', 1, 0, 'none', 'none', 0, '', '', '', 1, 0),
(91, 1, 'First Day of Bearcat Bound Orientation', 'Check-in-Tangeman University Center Level 4.', '2012-06-21 10:30:00', '2012-06-21 07:30:00', '2012-06-18 20:44:57', 1, 0, 'none', 'none', 0, '', '', '', 1, 0),
(92, 1, 'UC Closed For Independence Day', 'UC is closed for the day!', '2012-07-05 00:50:00', '2012-07-04 21:50:00', '2012-06-18 20:51:45', 1, 0, 'none', 'none', 0, '', '', '', 1, 0),
(93, 1, 'Catskeller''s Pint Night', 'Every Wednesday night at the Catskeller is Pint Night. A great beer is paired with a very cool glass and the glass is available for purchase! A different beer and a new glass every week!', '2012-09-05 23:00:00', '2012-09-05 05:00:00', '2012-06-18 20:57:08', 1, 0, 'none', 'none', 0, '', '', '', 1, 0),
(94, 1, 'Bearcat Blitz', 'Before every home football game played at Nippert Stadium, the Myers Alumni Center will be open four hours prior to kickoff for pre-game festivities.\n\nThis year the Bearcats Blitz includes lots of activities on Sigma Sigma Commons next to the Myers Alumni Center.\n\nStop by on your way to the game to cool off or get warm.The Bearcats Blitz and all tailgating on campus ends 30 minutes prior to kickoff so that fans can move into Nippert Stadium to cheer the Bearcats as they take the field.', '2012-09-06 19:00:00', '2012-09-06 08:30:00', '2012-06-18 21:01:47', 1, 0, 'none', 'none', 0, '', '', '', 1, 0),
(95, 8, 'Tiesto', 'Tisto''s Club Life College Invasion Tour, the largest dance music tour to ever hit the American college market. Tisto will headline the tour this fall with stops at campuses across the United States.\n\nTisto has transcended musical genres to create a global Tisto brand. His achievements include: a Grammy nomination, numerous MTV awards, performing at the opening ceremony of the 2004 Athens Olympic Games to an audience of billions.', '2012-10-10 01:00:00', '2012-10-09 20:00:00', '2012-06-23 15:02:26', 1, 0, 'none', 'none', 0, '', '', '', 1, 0),
(97, 6, 'Self Diploma 13 Week Free Summer Concert Series', 'This year... we have 7 weeks for our Hip-Hop fans & 6 of the weeks for our Electronic Dance Music followers. \n\nTIMEFLIES, CRIS CAB, KREWELLA, THE COOL KIDS, 3LAU, PIERCE FULTON, AER, D-WHY, LOGIC, MIKE STUD, DJ CLOCKWORK, BAILEE MOORE, HUEY MACK, TAYYIB ALI, NAPALM, DJ EV, DAVEY C, DJ PRISM, CAL SCRUBY, DJ ETRAYN, VINCENT VEGA, PUCK, YOUNG DUECE, SANTINO CORLEON, TRADEMARK AARON, THOSE GUYS, IAN J, FIRECAT 451, & so many talented artists... ', '2012-08-25 09:00:00', '2012-06-30 06:00:00', '2012-06-23 19:04:40', 1, 0, 'none', 'none', 0, '', '', '', 1, 0),
(98, 6, 'The 2012 DJ Summer Series at Mt. Adams Pavillion', '4EG & SelfDiploma present: The 2012 DJ Summer Series:\nat The Mt Adams Pavilion, every Thursday night. \n\n6/14 - Kids at the Bar\n6/21 - DJ Spider\n6/28 - DJ Scene\n7/05 - DJ Tina T\n7/12 - DJ Ivy\n7/19 - ETrayn and D-Lo on a 2X4 set\n7/26 - Ice Cold & Fuseamania on a 2X4 set\n8/02 - Dave Fogg\n8/09 - Warren Peace\n\n\n$10 Pre-Sale DJ Summer Series Pass to all 9 weeks here:\nhttp://www.cincyticket.co/eventperformances.asp?evt=1176\n\n', '2012-08-10 05:00:00', '2012-08-10 02:00:00', '2012-06-23 19:11:23', 1, 0, 'none', 'none', 0, '', '', '', 1, 0),
(99, 6, 'Summer School 2012 at Uncle Woody''s Every Wednesday! #CollegeNight ', '*** Summer School 2012 Syllabus ***\n\n- 50 Cent Drafts\n- 18+ For Women\n- 21+ For Men\n- Fun, College Themed Parties each Month\n- Posting Professional Photos Each Week on Facebook\n- Come to class on time with an attitude to have as much fun as possible... Any students who can''t abide by dress code won''t be admitted in. No baggy attire!\n\n$5 Cover At The Door\n\n\n\n', '2012-08-29 02:00:00', '2012-06-27 22:00:00', '2012-06-23 19:16:00', 1, 0, 'none', 'none', 0, '', '', '', 1, 0),
(100, 6, 'Chemistry Seminar - Prof. Dr. Hendrik Emons', 'Prof. Dr. Hendrik Emons\nInstitute for Reference Materials and Measurements (IRRM)\nJoint Research Centre\nEuropean Commission\nBelgium\n\n"Scientific Challenges for Reliable Measurements across the Boundaries Physics-Chemistry-Biology"\n\n423-A Rieveschl', '2012-07-12 15:30:00', '2012-07-12 14:00:00', '2012-06-23 19:29:37', 1, 0, 'none', 'none', 0, '', '', '', 1, 0),
(101, 8, 'The Dark Knight Rises Triology ', 'The legend is almost at its end, the Caped Crusader''s fate is unknown, and a fire will rise on the gritty streets of Gotham. Watch Christopher Nolan''s visionary tale in its entirety, starting with Batman Begins and The Dark Knight leading up to the midnight premiere of The Dark Knight Rises. Tickets are $25 for digital presentation and $40 to see the trilogy in IMAX. Admission price includes an exclusive trilogy poster while supplies last. ', '2012-07-21 02:45:00', '2012-07-19 18:00:00', '2012-06-23 20:13:19', 1, 0, 'none', 'none', 0, '', '', '', 1, 0),
(102, 8, 'Bearcats at the Ballpark!', 'The University of Cincinnati Twin Cities Alumni Association is excited to invite you to the sixth annual St. Paul Saints - Bearcats at the Ballpark! The event includes a general admission ticket to the game, entry to the pre-game event (including food and non-alcoholic beverages), UC giveaways, and Cincinnati''s own Graeter''s Ice Cream!  It is a family-friendly event, so feel free to register your whole family and guests.  ', '2012-07-28 19:05:00', '2012-07-28 17:00:00', '2012-06-23 21:17:12', 1, 0, 'none', 'none', 0, '', '', '', 1, 0),
(103, 8, 'UC''s First Home Football Game', 'UC vs Pittsburgh  \n\nAt Nippert Stadium, 8 p.m. ET\n\n', '2012-09-06 22:00:00', '2012-09-06 12:00:00', '2012-06-23 21:44:58', 1, 0, 'none', 'none', 0, '', '', '', 1, 0),
(104, 8, 'Tea Ceremony', 'Please join us in this year''s annual tradition of "Sippin'' on that Tea, watchin that HD", just kidding, there will be no watching tv, just sippin that tea.  ', '2012-07-20 22:00:00', '2012-07-20 03:00:00', '2012-06-23 22:08:46', 1, 0, 'none', 'none', 0, '', '', '', 1, 0),
(105, 8, 'UC''s Soccer', 'UC vs Eastern Illinois (Ex.) @ Gettler Stadium, 3:00 p.m. ET', '2012-08-12 17:00:00', '2012-08-12 15:00:00', '2012-06-23 22:21:11', 1, 0, 'none', 'none', 0, '', '', '', 1, 0),
(106, 6, 'GED Classes 2012/13 - Clermont College', 'Location:	CCEJONES 205	\nOrganization:	CLERMONT COUNTY EDUC SERVICE CENTER ', '2012-07-05 15:00:00', '2012-07-05 12:00:00', '2012-06-23 22:24:23', 1, 0, 'none', 'none', 0, '', '', '', 1, 0),
(107, 22, 'Foam N'' Glow "America''s Largest Foam Party"', 'Foam N'' Glow "America''s LARGEST Foam Party" Fuses High-Energy Music, Ultraviolet Dancers, Fire Performers, CO2 Shows & FOAM Into One Mind Blowing Combination. This Legendary Event Has Already Pulled More Than 50,000 Party People In Attendance.\n\n 18+ event. 21+ to drink. Valid ID will be REQUIRED.\n Doors At 9pm \n Tickets $25 (EarlyBird Tickets) On Sale July 2nd, 2012\n\nCome "ESCAPE REALITY" at Foam N'' Glow. \n\nAt Bogart''s', '0000-00-00 00:00:00', '0000-00-00 00:00:00', '2012-06-24 09:47:41', 1, 0, 'none', 'none', 0, '', '', '', 1, 0),
(108, 8, 'UC Women''s Soccer', 'UC vs Northeastern @ Gettler Stadium at 1:00 p.m. ET', '2012-08-26 16:00:00', '2012-08-26 13:00:00', '2012-06-24 23:47:26', 1, 0, 'none', 'none', 0, '', '', '', 1, 0),
(109, 6, 'Bang Bang Salon', 'Save $4 on all haircuts the entire month of July!', '2012-08-01 12:00:00', '2012-07-01 00:00:00', '2012-06-30 15:18:02', 1, 0, 'none', 'none', 0, '', '', '', 1, 0),
(110, 8, 'Andrew Tran''s 21st', 'Andrew TRANsformation into an adult.', '2012-07-15 05:00:00', '2012-07-14 22:00:00', '2012-07-01 21:57:49', 1, 0, 'none', 'none', 0, '', '', '', 1, 0),
(111, 5, 'Pulling for the Kids- 24 Hour Row World Record', 'Two University of Cincinnati Rowing Club rowers will attempt to break the current world records (individual male and female) for total number of meters rowed continuously for 24 hours on indoor rowing machines. This event will be both a mental and physical trial of human will, but they are determined to undergo the immense challenge to support and bring awareness to the children in need of Cincinnati Children''s Hospital!', '2012-07-22 00:51:00', '2012-07-21 00:51:00', '2012-07-07 13:57:10', 1, 1, 'email', 'PullingForTheKids@gmail.com', 0, '', '', '', 1, 0),
(112, 5, 'UNAVSA-9 Conference', 'The Union of North American Vietnamese Student Associations (UNAVSA) is proud to announce our 9th annual leadership conference, which will take place July 26  July 29, 2012 in Minneapolis, Minnesota! http://conference.unavsa.org/', '2012-07-29 14:59:00', '2012-07-26 14:59:00', '2012-07-07 14:03:31', 1, 1, 'email', 'nina.lu@unavsa.org', 0, '', '', '', 1, 0),
(113, 5, 'Wale at Ball State', 'ICM Presents : The 1st Annual #BallSoHard Celebration!!!\n\n\nFt. Young Duece\nhttp://www.youngduece.com/\nhttp://www.facebook.com/YoungDuece\nhttp://www.twitter.com/YoungDuece\n\n\nBall State''s Own - Tiara Thomas\nhttp://www.twitter.com/Tiara_Thomas\nWale - The Cloud (ft. Tiara Thomas) --> http://www.youtube.com/watch?v=xL4TKA8YLVw&feature=youtube_gdata_player\n\n& \n\nWALE\nhttp://www.facebook.com/waleofficial\nhttp://www.twitter.com/Wale\nhttp://www.ralphfolarin.com/', '2012-08-26 23:00:00', '2012-08-25 19:00:00', '2012-07-07 18:39:47', 1, 0, 'none', 'none', 0, '', '', '', 1, 0);

-- --------------------------------------------------------

--
-- Table structure for table `user_images`
--

CREATE TABLE IF NOT EXISTS `user_images` (
  `image_id` int(20) NOT NULL AUTO_INCREMENT,
  `user_id` int(20) NOT NULL,
  `image_url` int(100) NOT NULL,
  `description` varchar(255) NOT NULL,
  `date_uploaded` datetime NOT NULL,
  `active` int(1) NOT NULL,
  PRIMARY KEY (`image_id`)
) ENGINE=MyISAM DEFAULT CHARSET=latin1 AUTO_INCREMENT=1 ;

-- --------------------------------------------------------

--
-- Table structure for table `user_list`
--

CREATE TABLE IF NOT EXISTS `user_list` (
  `user_id` int(20) NOT NULL AUTO_INCREMENT,
  `email` varchar(35) NOT NULL,
  `password` varchar(50) NOT NULL,
  `first_name` varchar(15) NOT NULL,
  `last_name` varchar(20) NOT NULL,
  `date_added` datetime NOT NULL,
  `last_login` datetime NOT NULL,
  `last_ip` varchar(20) NOT NULL,
  `privlege_level` varchar(20) NOT NULL,
  `sex` varchar(2) NOT NULL,
  PRIMARY KEY (`user_id`)
) ENGINE=MyISAM  DEFAULT CHARSET=latin1 AUTO_INCREMENT=27 ;

--
-- Dumping data for table `user_list`
--


-- --------------------------------------------------------

--
-- Table structure for table `YQL_events`
--

CREATE TABLE IF NOT EXISTS `YQL_events` (
  `event_id` int(20) NOT NULL AUTO_INCREMENT,
  `yql_id` int(20) NOT NULL,
  `event_title` varchar(255) NOT NULL,
  `event_description` varchar(500) NOT NULL,
  `end_date` datetime NOT NULL,
  `start_date` datetime NOT NULL,
  `date_created` datetime NOT NULL,
  `public` int(1) NOT NULL,
  `price` float(5,2) NOT NULL,
  `country_name` varchar(100) NOT NULL,
  `venue_name` varchar(100) NOT NULL,
  `url_link` varchar(150) NOT NULL,
  `venue_state` varchar(30) NOT NULL,
  `venue_zip` varchar(10) NOT NULL,
  PRIMARY KEY (`event_id`),
  UNIQUE KEY `yql_id` (`yql_id`)
) ENGINE=MyISAM  DEFAULT CHARSET=latin1 AUTO_INCREMENT=130 ;

--
-- Dumping data for table `YQL_events`
--

INSERT INTO `YQL_events` (`event_id`, `yql_id`, `event_title`, `event_description`, `end_date`, `start_date`, `date_created`, `public`, `price`, `country_name`, `venue_name`, `url_link`, `venue_state`, `venue_zip`) VALUES
(51, 8744007, 'Derek Webb and Sandra McCracken', 'Singer/songwriter Derek Webb continues to make iconoclastic, irresistible, radio-ready pop records about love and war and social justice. However, unlike most pop artists on the scene today, Webb''s engaged, committed fan-base is constantly expanding - in part because Derek Webb has a tendency to give his music away for free.  In 2006, Webb convinced his label, INO Records / Columbia Records, to give away over 80,000 free downloads of his critically acclaimed album, MOCKINGBIRD. This widely publi', '2012-03-24 05:03:00', '2012-03-24 02:03:00', '2012-02-10 05:02:50', 1, 0.00, 'United States', 'Jammin Java', 'http://jamminjava.3dcartstores.com/product.asp?itemid=1840', '', ''),
(52, 8530315, 'Kathy Griffin', 'Kathy Griffin, stand-up comedian, actress, author and television personality best known for her reality show Kathy Griffin: My Life on the D-List. The double Emmy winning Chicago native is a multi-faceted performer with a rapid-fire wit. In Australia she is probably most recognisable for her four-year stint on the NBC sitcom "Suddenly Susan" as Vickie Groener, Brooke Shields'' acerbic colleague. Kathy also had a recurring guest role on Seinfeld as the character Sally Weaver. Famous for her signat', '2012-03-24 06:03:00', '2012-03-24 03:03:00', '2011-10-26 10:10:49', 1, 0.00, 'United States', 'Wilbur Theatre - MA', 'http://www.ticketmaster.com/event/010046B9851F70B8?camefrom=cfc_boswilbur_fl', '', ''),
(53, 8162210, 'Kathy Griffin', 'Event: Kathy Griffin<br>Venue: Wilbur Theatre - MA<br>Start: 3/23/2012 10:00:00 PM<br>Category: CONCERTS COMEDY', '2012-03-24 06:03:00', '2012-03-24 03:03:00', '2011-06-25 10:06:29', 1, 0.00, 'United States', 'Wilbur Theater', 'http://upcomingevents.net/search/redirect/1639064', '', ''),
(57, 8760463, 'Fiona Apple', 'Event: Fiona Apple<br>Venue: Royale Boston<br>Start: 3/27/2012 3:30:00 AM<br>Category: CONCERTS ALTERNATIVE', '2012-03-27 12:03:00', '2012-03-27 09:03:00', '2012-02-24 12:02:04', 1, 0.00, 'United States', 'Royale Boston', 'http://upcomingevents.net/search/redirect/1835659', 'Massachusetts', '02116'),
(56, 8635945, 'Needtobreathe', 'Event: Needtobreathe<br>Venue: Royal Oak Music Theatre<br>Start: 3/27/2012 3:30:00 AM<br>Category: CONCERTS POP / ROCK', '2012-03-27 12:03:00', '2012-03-27 09:03:00', '2012-01-07 13:01:03', 1, 0.00, 'United States', 'Royal Oak Music Theatre', 'http://upcomingevents.net/search/redirect/1775890', 'Michigan', '48067'),
(58, 8791734, '"The Boy, the Uncle, the Jews and the Monk: Norwich 1144 and Its Afterlives" - Miri Rubin, Queen Mar', 'Center for Medieval Studies Colloquium Series 1210 Heller Hall  Miri Rubin is a Professor of History at Queen Mary, University of London where her interests cover a wide range of social relations within the predominantly religious cultures of Europe between 1100-1600. She has found anthropological approaches and an understanding of textuality and visual imagery to be invaluable tools for the appreciation of the complex meanings of ritual, gender, power and community life. Some of her most recent', '2012-03-28 02:03:00', '2012-03-27 23:03:00', '2012-03-20 19:03:42', 1, 0.00, 'United States', 'Heller Hall, University of Minnesota', '', 'Minnesota', '55455'),
(59, 8715545, '7 in Heaven''s Singles FREE MINGLE Psychic Readings Karaoke', 'Starting at 5:30pm Held every last Tuesday of the month, this FREE group gathering has 50+ singles in attendance for this event. The BRICKYARD is a fun place located inside the Holiday Inn Hotel and easy to get to, a central location in Suffolk County. Happy hour drink specials and KARAOKE entertainment starts at 7pm. 7 in Heaven Singles Events  hosts Speed Dating Parties here the first SAT of the month in this hotel too! BONUS OPTIONAL ENTERTAINMENT -  Psychic Readings! available ($20 per readi', '2012-03-28 02:03:00', '2012-03-27 23:03:00', '2012-01-29 12:01:37', 1, 0.00, 'United States', 'Holiday Inn Ronkonkoma', '', 'New York', '11779'),
(60, 8768476, 'Download Zone Workshop', 'We will offer a Download Zone (DZ) audiobook and eBook class in the computer lab.  Learn how to use DZ to search for and place holds on audiobooks and eBooks.  The class will include a demonstration on how to download an eBook and audiobook from DZ.  You will also learn how to create a wish list in DZ.  Registration is required.  To register, stop by or call the Information Desk at 778-6451.', '2012-03-28 02:03:00', '2012-03-27 23:03:00', '2012-03-02 06:03:45', 1, 0.00, 'United States', 'Broome County Public Library', '', 'New York', '13901'),
(61, 8632326, 'Cooking Class - Asian Flavors of Thailand', 'Fun and informative cooking classes in Grand Haven. Click the link below for class description, information and registration.', '2012-03-28 03:03:00', '2012-03-28 00:03:00', '2012-01-04 12:01:47', 1, 0.00, 'United States', 'real cool cooking school at Bekins', '', 'Michigan', '49417'),
(62, 8611601, 'American Heart Association BLS Healthcare Provider Cpr Certification Class - Kansas City MO Metro Ar', 'BLS for Healthcare Providers Course Description: The Basic Life Support (BLS) for Healthcare Providers Course is designed to provide a wide variety of healthcare professionals the ability to recognize several life-threatening emergencies, provide CPR, use an AED, and relieve choking in a safe, timely and effective manner. Covers adult, child and infant modules.   Intended Audience: This is the class that is required for nurses, physicians, EMS professionals, students in a healthcare program at a', '2012-03-28 03:03:00', '2012-03-28 00:03:00', '2011-12-21 12:12:16', 1, 0.00, 'United States', 'Drury Inn & Suites Meeting Room', '', 'Kansas', '66202'),
(63, 8228978, 'Montreal Canadiens vs. Florida Panthers', 'Event: Montreal Canadiens vs. Florida Panthers<br>Venue: Centre Bell<br>Start: 3/27/2012 7:30:00 PM<br>Category: SPORTS HOCKEY', '2012-03-28 04:03:00', '2012-03-28 01:03:00', '2011-07-18 15:07:00', 1, 0.00, 'Canada', 'Bell Centre', 'http://upcomingevents.net/search/redirect/1672014', 'Quebec', 'H3B 5E8'),
(64, 8188701, 'Moscow Festival Ballet - Cinderella', 'Event: Moscow Festival Ballet - Cinderella<br>Venue: University At Buffalo Center For The Arts<br>Start: 3/27/2012 7:30:00 PM<br>Category: THEATRE BALLET', '2012-03-28 04:03:00', '2012-03-28 01:03:00', '2011-07-02 10:07:58', 1, 0.00, 'United States', 'University at Buffalo Center for the Arts', 'http://upcomingevents.net/search/redirect/1673661', 'New York', '14260'),
(65, 8504633, 'Jersey Boys', 'Event: Jersey Boys<br>Venue: Miller Auditorium - Western Michigan University<br>Start: 3/27/2012 7:30:00 PM<br>Category: THEATRE MUSICAL / PLAY', '2012-03-28 04:03:00', '2012-03-28 01:03:00', '2011-10-06 15:10:14', 1, 0.00, 'United States', 'Western Michigan University - James W Miller Auditorium', 'http://upcomingevents.net/search/redirect/1682623', 'Michigan', '49008'),
(66, 8202394, 'The Parchman Hour', 'Mike Wiley Productions presents a powerful account of the struggle of the Freedom Riders.', '2012-03-28 04:03:00', '2012-03-28 01:03:00', '2011-07-07 14:07:38', 1, 0.00, 'United States', 'J.E. Broyhill Civic Center', 'http://www.broyhillcenter.com', 'North Carolina', '28645'),
(67, 8495164, '''Moulin Rouge - The Ballet'' presented by the Royal Winnipeg Ballet', 'Premiered in 2009, Moulin Rouge - The Ballet is an original burlesque-inspired storybook ballet with irrepressible Gay Paree style, razzle-dazzle dancing, eye-popping costumes, twinkling sets and a score made up of well-known French music. Along with a rousing soundtrack featuring Offenbach, Ravel, Strauss, Debussy and a dash of Piazzolla, the ballet features high-kicking choreography and a passionate story of love, ambition and heartbreak. The Royal Winnipeg Ballet is the first compa', '2012-03-28 04:03:00', '2012-03-28 01:03:00', '2011-09-28 12:09:09', 1, 0.00, 'United States', 'Center College - Norton Center for the Arts', 'http://www.nortoncenter.com/upcoming-schedule/1-the-newlin-hall-series/207-moulin-rouge-the-ballet', 'Kentucky', '40422'),
(68, 8719095, 'Mac Miller', 'Event: Mac Miller<br>Venue: Scope<br>Start: 3/27/2012 7:30:00 PM<br>Category: CONCERTS ALTERNATIVE', '2012-03-28 04:03:00', '2012-03-28 01:03:00', '2012-01-31 10:01:18', 1, 0.00, 'United States', 'Scope Arena', 'http://upcomingevents.net/search/redirect/1814696', 'Virginia', '23510'),
(69, 8162625, 'Million Dollar Quartet', 'Event: Million Dollar Quartet<br>Venue: State Theatre - MN<br>Start: 3/27/2012 7:30:00 PM<br>Category: THEATRE MUSICAL / PLAY', '2012-03-28 05:03:00', '2012-03-28 02:03:00', '2011-06-25 12:06:16', 1, 0.00, 'United States', 'Brave New Workshop Comedy Theatre', 'http://upcomingevents.net/search/redirect/1584498', 'Minnesota', '55408'),
(70, 8758218, 'PopGun Presents... Big Scary, NewVillager, The Echo Friendly, Elvis Depressedly', '21+', '2012-03-28 05:03:00', '2012-03-28 02:03:00', '2012-02-22 09:02:47', 1, 0.00, 'United States', 'Glassland Gallery', '', 'New York', '11122'),
(71, 8765522, 'Jim Lauletta''s Comedy Showcase @ Dick''s Beantown Comedy Vault', 'A favorite act wherever he goes, Jim mixes his cynical, biting, self-deprecating material with some of the most off the wall off the wall and original impressions you''ll EVER see. Quoted by the Boston Globe as "...off-beat and original.". Not only is Jim one of the most popular headliners in New England, he''s a regular performer in Las Vegas and Atlantic City! Jim also has an impressive resume of national television credits which include: HBO''s U.S. Comedy Arts Festival''s "Best of the Fest", NBC', '2012-03-28 05:03:00', '2012-03-28 02:03:00', '2012-02-29 16:02:54', 1, 0.00, 'United States', 'Dick''s Beantown Comedy Vault at Remington''s Restaurant', 'http://www.beantowncomedy.com', 'Massachusetts', '02116'),
(72, 8479992, 'Bring It On', 'Event: Bring It On<br>Venue: Fabulous Fox Theatre - MO<br>Start: 3/27/2012 8:00:00 PM<br>Category: THEATRE MUSICAL / PLAY', '2012-03-28 06:03:00', '2012-03-28 03:03:00', '2011-09-16 13:09:34', 1, 0.00, 'United States', 'The Fabulous Fox Theatre', 'http://upcomingevents.net/search/redirect/1626529', 'Missouri', '63103'),
(73, 8774146, 'Anthony Morrison Free Event Coming to New Jersey!', 'This is your chance to learn how to gain financial freedom in today''s economy in a FREE 90 minute seminar. Anthony Morrison, close to bankruptcy himself, turned to the internet to support his family. He now owns this multimillion dollar company and wants to share his secrets with you! The seminar will teach you how to generate income online with no technical experience, learn the power of social networking, and see how easy it is to run this entire system- from anywhere in the world. Look at the', '2012-04-03 03:04:00', '2012-04-03 00:04:00', '2012-03-07 13:03:21', 1, 0.00, 'United States', 'DoubleTree by Hilton Hotel Princeton', '', 'New Jersey', '08540'),
(74, 8793581, 'Skillshare: Public Speaking', 'Does the thought of speaking in public make you weak in the knees? Are you looking for ways to bolster your public speaking skills and wow your audiences? Join Socializing for Justice for our next skillshare on Public Speaking on April 2nd from 6:00 - 8:30 PM.  RSVP at http://www.sojust.org - newcomers always welcomed!  Cost: $10-$20 (sliding scale) collected at the door.  SoJust hosts events that draw progressives of all stripes that share common values but may work on different issues. We host', '2012-04-03 03:04:00', '2012-04-03 00:04:00', '2012-03-22 19:03:45', 1, 0.00, 'United States', 'Third Sector New England''s Nonprofit Center', '', 'Massachusetts', '02111'),
(75, 8798299, 'Minnesota Virtual Academy Information Session', 'Join an MNVA teacher to learn more about the Minnesota Virtual Academy program. Visit with our teacher and other families get your questions answered, and learn more about virtual public school options available to Minnesota families.   Please visit our website to register. We look forward to meeting you!', '2012-04-03 03:04:00', '2012-04-03 00:04:00', '2012-03-29 16:03:31', 1, 0.00, 'United States', 'Dunn Brothers Coffee', '', 'Minnesota', '55812'),
(76, 8797530, 'Carrie Manolakos album release concert  w/ Chris Ayer and Grace Weber', 'Carrie Manolakos album release concert Carrie Manolakos is not afraid of 2012. Shes been waiting for it. As both singer and songwriter her music is a powerful celebration of the human spirit. April 2nd marks the release of her debut album, Echo, a lyrical blend of pop, soul and folk. Her sound dances with the stars of Sara Bareilles and Joni Mitchell, with kiss blown to Jeff Buckley, but a voice that is unmistakably hers alone. This Syracuse native stays true to her New York roots, both in so', '2012-04-03 03:04:00', '2012-04-03 00:04:00', '2012-03-28 13:03:27', 1, 0.00, 'United States', '(le) poisson rouge', '', 'New York', '10013'),
(77, 8770261, 'April Fools Stand-Up Show', 'Jammin'' Java introduces its first ever April Fools comedy event with Adam Belcher, Benjamin Daniels, Aaron Dee, Courtney Fearrington, Philippe Schaffer, and host Drey Dailey. Join a veritable who''s who of no one you have ever heard of to laugh your face off. Add enough social lubricant at our pre-show party and you just might wet your pants. Leave the children at home.', '2012-04-03 03:04:00', '2012-04-03 00:04:00', '2012-03-04 15:03:51', 1, 0.00, 'United States', 'Jammin Java', '', 'Virginia', '22180'),
(78, 8781822, '8minuteDating Speed Dating Event at The Fez', 'Join us at 8minuteDating''s newest venue - The ultra hip and happening Fez!   Youre going to love this event! Wait til you see the spread of apps and drink specials. Plus weve got door prizes for everyone so you wont walk out empty handed and you will not be disappointed!   Of course, the main event is a room full of singles, your age, who are just dying to meet someone as attractive and appealing as you!  Youll have pre-mingling, then 8 Great Dates, and then everyone is invited to', '2012-04-03 03:04:00', '2012-04-03 00:04:00', '2012-03-16 19:03:24', 1, 0.00, 'United States', 'The Fez', '', 'Connecticut', '06901'),
(79, 8793216, 'OCDP "People Over Politics" - Affordable Care Act Forum', 'The Oklahoma County Democratic Party (OCDP) is hosting a health care forum to discuss the Affordable Care Act. The event, People Over Politics: What You Should Know About the Affordable Care Act, will be held on Monday, April 2, from 5:30 to 8 p.m. at the Local 1141 IBEW Union Hall, 1700 SE 15 St., in Oklahoma City.  Special guest speaker for the event will be retired US Air Force Colonel Katherine Scheirman, MD. Scheirman is the Oklahoma State Director for the events co-sponsor, Doctor', '2012-04-03 03:04:00', '2012-04-03 00:04:00', '2012-03-22 13:03:45', 1, 0.00, 'United States', 'IBEW Local 1141', '', 'Oklahoma', '73129'),
(80, 8772843, 'Mitch Stinson''s Weekend Extender @ Dick''s Beantown Comedy Vault', 'Mitch Stinson is a former aircraft-carrier aviator for the United States Navy who, as a pilot, made over 200 carrier landings during his 10 year military career. Mitch has recently risen through the comedy ranks in the Northeast US by virtue of his original (and clean!) material that offers unique insight into the transition from hot-shot Navy pilot to everyday civilian life, resonating with comedy crowds everywhere.  Dick''s Beantown Comedy Vault @ Remington''s Restaurant Located at 124 Boylston ', '2012-04-03 05:04:00', '2012-04-03 02:04:00', '2012-03-06 13:03:38', 1, 0.00, 'United States', 'Dick''s Beantown Comedy Vault at Remington''s Restaurant', 'http://www.beantowncomedy.com', 'Massachusetts', '02116'),
(81, 8781481, 'Kevin James', 'Event: Kevin James<br>Venue: Ryman Auditorium<br>Start: 4/2/2012 7:30:00 PM<br>Category: CONCERTS COMEDY', '2012-04-03 05:04:00', '2012-04-03 02:04:00', '2012-03-16 12:03:25', 1, 0.00, 'United States', 'Ryman Auditorium', 'http://upcomingevents.net/search/redirect/1824087', 'Tennessee', '37219'),
(82, 8792344, 'T.G.I. Fridays College Basketball Game-Watch Party', 'T.G.I. Fridays is feeding the excitement of basketball in March by hosting game-watch parties for college basketballs biggest tournament.  T.G.I. Fridays will be the go-to destination to watch the tournament for alumni groups, friends and fans. Throughout the tournament, T.G.I. Fridays will be hosting a Fandemonium party for guests with a game-like atmosphere including Pop-A-Shot games, halftime flairtending entertainment, basketball trivia and chances to score fun mini-prizes.  Fo', '2012-04-03 06:04:00', '2012-04-03 03:04:00', '2012-03-21 13:03:40', 1, 0.00, 'United States', 'T.G.I. Fridays', '', 'Minnesota', '55425'),
(83, 0, '', '', '1970-01-01 01:01:00', '1970-01-01 01:01:00', '1970-01-01 01:01:00', 1, 0.00, '', '', '', '', ''),
(84, 8789821, 'Real Estate Investing in India: Opportunities and Challenges', 'Risks and benefits that come with purchasing real estate in India is the topic of an April 4, 2012, lecture at The John Marshall Law School in Chicago. Guests Shahrookh Cambata, Scott Eisenberg and Marc J. Strauss will speak at the event.', '2012-04-04 18:04:00', '2012-04-04 15:04:00', '2012-03-19 12:03:32', 1, 0.00, 'United States', 'The John Marshall Law School', '', 'Illinois', '60604'),
(85, 8792244, 'Get Cooking at Westfield Annapolis with Free Westfield Family Fun Days', 'Get cooking in Apriljoin Westfield Annapolis and the Westfield Family Program for Family Fun Days featuring Young Chefs of Westfield. Kids will learn how to fuel their bodies in a healthy way by encouraging them to get in the kitchen and cook with their families.  On April 4th, join us for stories about food and gardening, starting with Pizza at Sallys by Monica Wellington, which teaches lessons about where food comes from. The second book, Planting A Rainbow by Lois Ehlert, teaches ', '2012-04-04 19:04:00', '2012-04-04 16:04:00', '2012-03-21 12:03:27', 1, 0.00, 'United States', 'Westfield Annapolis', '', 'Maryland', '21401'),
(86, 8594481, '2012 Kansas City Veterans Career Fair & Benefits Expo', 'You are cordially invited to participate in the 2012 Veterans and Military Personnel Career Expo  Wednesday April 4th, 2012  10:00 AM to 2:30 PM Location: UNION STATION Kansas City 30 West Pershing Road, Kansas City, MO 64108  Please consider a booth for your company and also sponsoring a booth for a non-profit veterans Service Organization. Booths are only $125 each and all funds go to event expenses and marketing of this annual event. (Tax Deductable)  Register at http://www.missourivets.com', '2012-04-04 20:04:00', '2012-04-04 17:04:00', '2011-12-06 11:12:19', 1, 0.00, 'United States', 'Union Station Kansas City', '', 'MO', '64108'),
(87, 8708890, 'The Sound of Music', 'One of the worlds most beloved musicals returns in director Jim Crabtrees powerful new production! On the eve of World War II, widowed Austrian naval hero Captain Von Trapp and his children are shadowed by loss and sensing the looming threat of war. But when the free-spirited Maria arrives to be the childrens new governess, she brings music and love back into their lives - even that of the stern, lonely Captain. But will their newfound joy be shattered as the Third Reich occupies their ', '2012-04-04 20:04:00', '2012-04-04 17:04:00', '2012-01-24 14:01:08', 1, 0.00, 'United States', 'Cumberland County Playhouse', 'https://tickets.ccplayhouse.com/public/', 'Tennessee', '38555'),
(88, 8774141, 'Anthony Morrison Free Event Coming to New Jersey!', 'This is your chance to learn how to gain financial freedom in today''s economy in a FREE 90 minute seminar. Anthony Morrison, close to bankruptcy himself, turned to the internet to support his family. He now owns this multimillion dollar company and wants to share his secrets with you! The seminar will teach you how to generate income online with no technical experience, learn the power of social networking, and see how easy it is to run this entire system- from anywhere in the world. Look at the', '2012-04-04 21:04:00', '2012-04-04 18:04:00', '2012-03-07 13:03:42', 1, 0.00, 'United States', 'The Imperia', '', 'New Jersey', '08873'),
(89, 8798344, 'National Poetry Month: Panel Discussion on Poetry and Difficulty', 'April is poetry month, and at the University of Michigan poetry is abundant. This year, U-M Library celebrates the range and diversity of the local scene with three special events designed to appeal to poetry lovers of all sorts, especially the pizza-eating sort. Please join us for readings, free pizza, and the thrill of poetry month raffle?  Panelists for the Poetry and Difficulty discussion will include Benjamin Paloff, Douglas Trevor, and John Whittier-Ferguson.', '2012-04-04 21:04:00', '2012-04-04 18:04:00', '2012-03-29 16:03:00', 1, 0.00, 'United States', 'Harlan Hatcher Graduate Library', '', 'Michigan', '48109'),
(90, 8797353, 'Under Our Skin: Economic Perspectives on Race and Health', 'Presenters share easy to understand information on a wide range of fascinating science topics. Discussions follow presentations. Lunch Break Science is recommended for adults. Pre-registration not required. Grab a lunch and join us! Under Our Skin: Economic Perspectives on Race and Health will be presented by Dr. Tiffany Green.', '2012-04-04 21:04:00', '2012-04-04 18:04:00', '2012-03-28 09:03:16', 1, 0.00, 'United States', 'Science Museum of Virginia', '', 'Virginia', '23220'),
(91, 8791348, 'Friends of the Library Book Review', 'Join us for the Friends of the Library Book Reviews.  Stealing Lincolns Body by Thomas J. Craughwell will be reviewed by Gerry Smith, Broome County Historian.  For more information, please call Broome County Public Library at 778-6400.', '2012-04-04 21:04:00', '2012-04-04 18:04:00', '2012-03-20 10:03:25', 1, 0.00, 'United States', 'Broome County Public Library', '', 'New York', '13901'),
(92, 8798461, 'Personal Devotion Time', 'Franconia United Methodist Church, 6037 Franconia Rd, Alexandria, VA, invites you to spend some quite time at our church on Wednesdays, noon - 1 pm, during this season of Lent.  You are free to spend time in our sanctuary and reflect on Jesus Christ - His suffering and His sacrifice, His life, death, burial and resurrection.  Franconia United Methodist Church is located at the corner of Beulah and Franconia, next to the Franconia Elementary School, convenient to the Fairfax Connector routes 231,', '2012-04-04 21:04:00', '2012-04-04 18:04:00', '2012-03-29 17:03:07', 1, 0.00, 'United States', 'Franconia United Methodist Church', '', 'Virginia', '22310'),
(93, 8798449, 'Agora Cyber Charter School Information Session', 'Please join us for an information session to learn more about virtual public school options available to Pennsylvania K-8 and high school students.  This is a great opportunity to see a demonstration of the curriculum and get answers to all of your questions about online schooling!  Please visit our website to register. We look forward to meeting you!', '2012-04-04 21:04:00', '2012-04-04 18:04:00', '2012-03-29 17:03:23', 1, 0.00, 'United States', 'Bosler Memorial Library', '', 'Pennsylvania', '17013'),
(94, 8531995, 'Evita', 'Event: Evita<br>Venue: Marquis Theatre - NY<br>Start: 4/4/2012 2:00:00 PM<br>Category: THEATRE BROADWAY', '2012-04-04 23:04:00', '2012-04-04 20:04:00', '2011-10-27 13:10:13', 1, 0.00, 'United States', 'Marquis Theatre', 'http://upcomingevents.net/search/redirect/1753635', 'New York', '10036'),
(95, 8501764, 'Jersey Boys', 'Event: Jersey Boys<br>Venue: Virginia/August Wilson Theatre - NY<br>Start: 4/4/2012 2:00:00 PM<br>Category: THEATRE BROADWAY', '2012-04-04 23:04:00', '2012-04-04 20:04:00', '2011-10-04 13:10:46', 1, 0.00, 'United States', 'August Wilson Theater', 'http://upcomingevents.net/search/redirect/1715848', 'New York', '10019'),
(96, 8542983, 'Anything Goes', 'Event: Anything Goes<br>Venue: Stephen Sondheim Theatre (Formerly Henry Miller Theatre)<br>Start: 4/4/2012 2:00:00 PM<br>Category: THEATRE BROADWAY', '2012-04-04 23:04:00', '2012-04-04 20:04:00', '2011-11-03 17:11:38', 1, 0.00, 'United States', 'Stephen Sondheim Theater', 'http://upcomingevents.net/search/redirect/1745645', 'New York', '10036'),
(97, 8224973, 'Memphis - The Musical', 'Event: Memphis - The Musical<br>Venue: Shubert Theatre - NY<br>Start: 4/4/2012 2:00:00 PM<br>Category: THEATRE BROADWAY', '2012-04-04 23:04:00', '2012-04-04 20:04:00', '2011-07-16 10:07:14', 1, 0.00, 'United States', 'Little Shubert Theatre NY', 'http://upcomingevents.net/search/redirect/1681105', 'New York', '10036'),
(98, 8781413, 'Marriott Theatre Presents THE PIRATES OF PENZANCE', 'LINCOLNSHIRE, IL- The exuberant musical theater masterpiece from the clever pens of W.S. Gilbert and Arthur Sullivan, THE PIRATES OF PENZANCE will be presented at The Marriott Theatre, 10 Marriott Drive, Lincolnshire, IL, previewing April 4, opening April 13 and running through June 10.  The beloved tale of love, laughter and loyalty will be directed by Multi-Jeff Award Winner Dominic Missimi.  Starring as The Pirate King will be Jeff Award Winner Kevin Earley (Broadway: Ernest Defarge in ', '2012-04-04 23:04:00', '2012-04-04 20:04:00', '2012-03-16 11:03:44', 1, 0.00, 'United States', 'Marriott Theatre in Lincolnshire', '', 'Illinois', '60069'),
(99, 8792316, 'An Evening with Garth Stein for FETCH a Cure', 'Join FETCH a Cure for An Evening with Garth Stein - author of New York Times Bestseller The Art of Racing in the Rain. There will be a VIP cocktail reception at 6, general reception at 6:30, and dinner with Garth Stein at 7:15, followed by Q&A and a book signing.', '2012-04-05 03:04:00', '2012-04-05 00:04:00', '2012-03-21 13:03:05', 1, 0.00, 'United States', 'Virginia Historical Society', 'http://fetchacure.com/donate', 'Virginia', '23220'),
(100, 8779859, 'Feminist Theology - Discussion', 'We will study and discuss in-depth passages from the Bible from a Feminist Theological perspective.', '2012-04-05 03:04:00', '2012-04-05 00:04:00', '2012-03-14 11:03:56', 1, 0.00, 'United States', 'Pilgrim Congregational United Church of Christ', '', 'Michigan', '48912'),
(101, 8714050, 'The Fresh Beat Band', 'Event: The Fresh Beat Band<br>Venue: Merriam Theatre<br>Start: 4/4/2012 6:00:00 PM<br>Category: CONCERTS CHILDREN/FAMILY', '2012-04-05 03:04:00', '2012-04-05 00:04:00', '2012-01-27 13:01:29', 1, 0.00, 'United States', 'Merriam Theater', 'http://upcomingevents.net/search/redirect/1796950', 'Pennsylvania', '19102'),
(102, 8796839, 'Little Falls Happy Hour - for Young Professionals', 'Register: http://www.njyp.org/events/little-falls-happy-hour-4  Your local Happy Hour is back on the calendar!  Join other NJYPers at this members only mix & mingle event.  As always, there is no cover, plus there will be great specials to keep the drinks and the laughter flowing. Whether this is your first event or your fiftieth, you will find yourself surrounded by friendly faces and future friends.  Who should attend: Dues Paying Members who are 21-39 years old. There is no cover but pleas', '2012-04-05 03:04:00', '2012-04-05 00:04:00', '2012-03-27 12:03:15', 1, 0.00, 'United States', '381 Main', '', 'New Jersey', '07424'),
(103, 8798457, 'Agora Cyber Charter School Information Session', 'Please join us for an information session to learn more about virtual public school options available to Pennsylvania K-8 and high school students.  This is a great opportunity to see a demonstration of the curriculum and get answers to all of your questions about online schooling!  Please visit our website to register. We look forward to meeting you!', '2012-04-05 03:04:00', '2012-04-05 00:04:00', '2012-03-29 17:03:31', 1, 0.00, 'United States', 'Manheim Township Public Library', '', 'Pennsylvania', '17601'),
(104, 8797711, 'Path to Happiness  Enlightening Talks, Yoga and Meditation bySwami Mukundananda', 'Come! Recharge your body, replenish your mind, and nourish your soul! Free admission. Swami Mukundananda will be taking sessions on Yoga, Pranayam, Subtle-body Relaxation, Roop-Dhyan, Science of Healthy Diet, and Enlightening talks on Path to Happiness. Swami Mukundananda imparts various ancient Yogic techniques, viz. Hatha Yoga, Ashtang Yoga, Bhakti Yoga, and Dhyan Yogasynthesizing their quintessence into a simple Yogic lifestyle, called Jagadguru Kripaluji Yog (JKYog). For furth', '2012-04-07 19:04:00', '2012-04-05 00:04:00', '2012-03-28 22:03:03', 1, 0.00, 'United States', 'Hotel Indigo', '', 'New York', '11901'),
(105, 8795772, '"COUTURE IN ROUGE" FASHION EVENT AT THE DRAKE HOTEL''S PALM COURT', 'On April 4, 2012, the Chicago Red Dress Party, along with the Drake Hotel and Neiman Marcus, will host Couture in Rouge from 5-8 p.m.- an evening dedicated to "red fashion" and raising awareness for the HIV/AIDS movement. Every month, the Drake Hotel partners with various non-profits to raise awareness for their respective causes and provide funds by donating $5 entrance fees and 50% of the bar proceeds directly to the organization. This month, the Drake will be bringing awareness to HIV/AIDS by', '2012-04-05 03:04:00', '2012-04-05 00:04:00', '2012-03-26 07:03:25', 1, 0.00, 'United States', 'The Palm Court at The Drake Hotel', 'http://chicagoreddressparty.org/', 'Illinois', '60611'),
(106, 8802141, 'Sky Room Times Square', 'Wednesday afterwork at Sky Room Times Square is a great rootop venue. This 2 room & 2 floor lounge which gives a classy rooftop experience - host your birthday party or anniversary celebration. VIP and bottle service can be arranged.  Free birthday parties are available on Wednesday at Sky Room Times Square - must RSVP  21+ event Everyone is free w/ guestlist - must be with dresscode  Sky Room Times Square DRESS CODE Neat, Chic, & Trendy attire Men - Collard shirts, shoes, & Fitted attire NO: He', '2012-04-05 03:04:00', '2012-04-05 00:04:00', '2012-04-02 00:04:28', 1, 0.00, 'United States', 'Sky Room Times Square', '', 'New York', '10018'),
(107, 8501718, 'Jersey Boys', 'Event: Jersey Boys<br>Venue: Virginia/August Wilson Theatre - NY<br>Start: 4/4/2012 7:00:00 PM<br>Category: THEATRE BROADWAY', '2012-04-05 04:04:00', '2012-04-05 01:04:00', '2011-10-04 12:10:54', 1, 0.00, 'United States', 'August Wilson Theater', 'http://upcomingevents.net/search/redirect/1715831', 'New York', '10019'),
(108, 8236222, 'Washington Wizards vs. Indiana Pacers', 'Event: Washington Wizards vs. Indiana Pacers<br>Venue: Verizon Center - DC<br>Start: 4/4/2012 7:00:00 PM<br>Category: SPORTS BASKETBALL', '2012-04-05 04:04:00', '2012-04-05 01:04:00', '2011-07-23 08:07:38', 1, 0.00, 'United States', 'Verizon Center', 'http://upcomingevents.net/search/redirect/1688735', 'District of Columbia', '20004'),
(109, 8602215, 'The Naked And Famous', 'Event: The Naked And Famous<br>Venue: Terminal 5<br>Start: 4/4/2012 7:00:00 PM<br>Category: CONCERTS ALTERNATIVE', '2012-04-05 04:04:00', '2012-04-05 01:04:00', '2011-12-13 13:12:10', 1, 0.00, 'United States', 'Terminal 5', 'http://upcomingevents.net/search/redirect/1765076', 'New York', '10019'),
(110, 8498814, 'San Antonio Spurs Tickets at TD Garden (Fleet Center) on 04/04/2012', 'The San Antonio Spurs are an American professional basketball team based in San Antonio, Texas. They are part of the Southwest Division of the Western Conference in the National Basketball Association (NBA).', '2012-04-05 04:04:00', '2012-04-05 01:04:00', '2011-10-01 08:10:50', 1, 0.00, 'United States', 'TD Garden (Fleet Center)', 'http://bit.ly/pnwSt6', 'Massachusetts', '02109'),
(111, 8536964, 'The Naked And Famous', 'If you want to see The Naked And Famous in Concert, now is your chance! The Naked And Famous is coming to New York to perform a show at Terminal 5 on 4/4/2012, and there are still plenty of great seats available. Get New York The Naked And Famous Tickets today!', '2012-04-05 04:04:00', '2012-04-05 01:04:00', '2011-10-31 04:10:16', 1, 0.00, 'United States', 'Terminal 5', 'http://www.broadrippletickets.com/ResultsTicket.html?evtid=1765076', 'New York', '10019'),
(112, 8653865, 'Philadelphia 76ers vs. Toronto Raptors', 'Event: Philadelphia 76ers vs. Toronto Raptors<br>Venue: Wells Fargo Center - PA (formerly Wachovia Center)<br>Start: 4/4/2012 7:00:00 PM<br>Category: SPORTS BASKETBALL', '2012-04-05 04:04:00', '2012-04-05 01:04:00', '2012-01-13 14:01:04', 1, 0.00, 'United States', 'Wells Fargo Center PA', 'http://upcomingevents.net/search/redirect/1790870', 'Pennsylvania', ''),
(113, 8235910, 'Philadelphia 76ers vs. Toronto Raptors', 'Event: Philadelphia 76ers vs. Toronto Raptors<br>Venue: Wells Fargo Center - PA (formerly Wachovia Center)<br>Start: 4/4/2012 7:00:00 PM<br>Category: SPORTS BASKETBALL', '2012-04-05 04:04:00', '2012-04-05 01:04:00', '2011-07-23 06:07:16', 1, 0.00, 'United States', 'Wells Fargo Center PA', 'http://upcomingevents.net/search/redirect/1688212', 'Pennsylvania', ''),
(114, 8234141, 'Boston Celtics vs. San Antonio Spurs', 'Event: Boston Celtics vs. San Antonio Spurs<br>Venue: TD Garden (Fleet Center)<br>Start: 4/4/2012 7:00:00 PM<br>Category: SPORTS BASKETBALL', '2012-04-05 04:04:00', '2012-04-05 01:04:00', '2011-07-22 11:07:24', 1, 0.00, 'United States', 'TD Garden', 'http://upcomingevents.net/search/redirect/1687665', 'Massachusetts', '02114'),
(115, 8594819, 'Boston Celtics vs. San Antonio Spurs', 'The Celtics will be taking on the Spurs on 4/4/2012, and you can be inside TD Garden with a great seat to action by stopping by BroadRippleTickets.com and purchasing Boston Celtics vs. San Antonio Spurs Tickets! Whenever the Celtics take on the Spurs its always a hard-fought game, so dont miss this great NBA action  purchase Tickets for the Celtics vs. Spurs game today!', '2012-04-05 04:04:00', '2012-04-05 01:04:00', '2011-12-06 22:12:43', 1, 0.00, 'United States', 'TD Garden', 'http://www.broadrippletickets.com/ResultsTicket.aspx?evtid=1789911&event=Boston+Celtics+vs.+San+Antonio+Spurs', 'Massachusetts', '02114'),
(116, 8235805, 'Oklahoma City Thunder vs. Golden State Warriors', 'Event: Oklahoma City Thunder vs. Golden State Warriors<br>Venue: Oklahoma City Arena (formerly Ford Center)<br>Start: 4/4/2012 7:00:00 PM<br>Category: SPORTS BASKETBALL', '2012-04-05 05:04:00', '2012-04-05 02:04:00', '2011-07-23 06:07:59', 1, 0.00, 'United States', 'Oklahoma City Arena', 'http://upcomingevents.net/search/redirect/1688596', 'Oklahoma', '73102'),
(117, 8471907, 'Chicago - The Musical', 'Event: Chicago - The Musical<br>Venue: Ambassador Theatre<br>Start: 4/4/2012 8:00:00 PM<br>Category: THEATRE BROADWAY', '2012-04-05 05:04:00', '2012-04-05 02:04:00', '2011-09-08 19:09:06', 1, 0.00, 'United States', 'Ambassador Theater', 'http://upcomingevents.net/search/redirect/1679356', 'New York', '10019'),
(118, 8542985, 'Anything Goes', 'Event: Anything Goes<br>Venue: Stephen Sondheim Theatre (Formerly Henry Miller Theatre)<br>Start: 4/4/2012 8:00:00 PM<br>Category: THEATRE BROADWAY', '2012-04-05 05:04:00', '2012-04-05 02:04:00', '2011-11-03 17:11:56', 1, 0.00, 'United States', 'Stephen Sondheim Theater', 'http://upcomingevents.net/search/redirect/1745646', 'New York', '10036'),
(119, 8770518, 'The Human Race presents GEM OF THE OCEAN', 'The Human Race, Dayton''s own professional theatre company, presents the play where August Wilson''s whole "Pittsburgh Cycle" begins. GEM OF THE OCEAN takes place in the first decade of the 20th century in that city''s Hill District, an African-American neighborhood where slavery is still an all-too-recent memory. The famed playwright takes his characters and the audience through a magical and mystical journey, led by Aunt Ester, a 285-year old brought to America on the slave ship for which the pla', '2012-04-05 05:04:00', '2012-04-05 02:04:00', '2012-03-05 07:03:46', 1, 0.00, 'United States', 'The Loft Theatre', '', 'Ohio', '45402'),
(120, 8283714, 'The Whipping Man', 'The Whipping Man March 16  April 8, 2012  Spencer Theatre Written by Matthew Lopez Directed by Eric Rosen  Fresh from its extended New York debut comes an extraordinary new work that is rooted in the largely unknown but true history of Jewish slaveholders in the South. The Whipping Man is a powerful exploration of lives that come unraveled as the devastation of slavery is revealed in the wake of the Emancipation Proclamation. Described as emotionally potent by The New York Times, The Wh', '2012-04-05 05:04:00', '2012-04-05 02:04:00', '2011-08-16 15:08:29', 1, 0.00, 'United States', 'Spencer Theatre', 'http://www.kcrep.org/box_office/', 'Missouri', '64110'),
(121, 8791264, 'The English Beat', '', '2012-04-05 05:04:00', '2012-04-05 02:04:00', '2012-03-20 08:03:53', 1, 0.00, 'Canada', 'Call the Office', 'http://www.ticketscene.ca/events/6059', 'Ontario', ''),
(122, 8085422, 'Cirque du Soleil - Michael Jackson The Immortal', 'Event: Cirque du Soleil - Michael Jackson The Immortal<br>Venue: Madison Square Garden<br>Start: 4/4/2012 8:00:00 PM<br>Category: THEATRE CIRQUE DU SOLEIL', '2012-04-05 05:04:00', '2012-04-05 02:04:00', '2011-05-17 07:05:39', 1, 0.00, 'United States', 'Madison Square Garden', 'http://upcomingevents.net/search/redirect/1503144', 'New York', '10001'),
(123, 8517526, '"The Merry Widow"', 'The University of Wisconsin-Superior Opera presents The Merry Widow at 7:30 p.m. in Thorpe Langley Auditorium in Old Main. For more information, call 715-394-8115.', '2012-04-05 05:04:00', '2012-04-05 02:04:00', '2011-10-18 08:10:43', 1, 0.00, 'United States', 'Thorpe Langley Auditorium', '', 'Wisconsin', '54880'),
(124, 8517520, '"The Merry Widow"', 'The University of Wisconsin-Superior Opera presents The Merry Widow at 7:30 p.m. in Thorpe Langley Auditorium in Old Main. For more information, call 715-394-8115.', '2012-04-05 05:04:00', '2012-04-05 02:04:00', '2011-10-18 08:10:32', 1, 0.00, 'United States', 'Thorpe Langley Auditorium', '', 'Wisconsin', '54880'),
(125, 8772982, 'Paul Nardizzi Weekly Wed Comedy Showcase @ Dick''s Beantown Comedy Vault', '"Paul Nardizzi" is the Winner of the "2001 Boston Comedy Festival" and author of three books: 602 Reasons to be PISSED OFF and The Sarcastic Sports Trivia Book Volumes 1 and 2". Nardizzi also has appeared on NBC''s "Late Night with Conan O''Brien", A and E''s "An Evening At The Improv" and FOX''s "Best Damned Sports Show Period".  Dick''s Beantown Comedy Vault 18+ comedy shows 7 days a week. Dane Cook had a show here every Friday for 2 years in the 90''s. Located on Boylston St. between "Gypsy Bar" an', '2012-04-05 05:04:00', '2012-04-05 02:04:00', '2012-03-06 15:03:42', 1, 0.00, 'United States', 'Dick''s Beantown Comedy Vault at Remington''s Restaurant', 'http://www.beantowncomedy.com', 'Massachusetts', '02116'),
(126, 8480013, 'Bring It On', 'Event: Bring It On<br>Venue: Fabulous Fox Theatre - MO<br>Start: 4/4/2012 8:00:00 PM<br>Category: THEATRE MUSICAL / PLAY', '2012-04-05 06:04:00', '2012-04-05 03:04:00', '2011-09-16 13:09:27', 1, 0.00, 'United States', 'The Fabulous Fox Theatre', 'http://upcomingevents.net/search/redirect/1626537', 'Missouri', '63103'),
(127, 8768708, 'ACDC 25th Gala', 'Join us for lively evening with dinner and entertainment, as we mark 25 years of community building by Asian Community Development Corporation (ACDC). Over 300 professionals from diverse business sectors will be attending. www.asiancdc.org', '2012-04-05 06:04:00', '2012-04-05 03:04:00', '2012-03-02 12:03:27', 1, 0.00, 'United States', 'Taj Hotel Boston', 'http://www.asiancdc.org/content/acdc-25th-anniversary-inspiration-gala', 'Massachusetts', ''),
(128, 8798043, 'Gotye', 'Event: Gotye<br>Venue: Epic<br>Start: 4/4/2012 8:30:00 PM<br>Category: CONCERTS ALTERNATIVE', '2012-04-05 06:04:00', '2012-04-05 03:04:00', '2012-03-29 12:03:03', 1, 0.00, 'United States', 'Epic', 'http://upcomingevents.net/search/redirect/1828867', 'Minnesota', '55403'),
(129, 8635890, 'Lucero', 'Event: Lucero<br>Venue: First Avenue<br>Start: 4/4/2012 9:00:00 PM<br>Category: CONCERTS POP / ROCK', '2012-04-05 07:04:00', '2012-04-05 04:04:00', '2012-01-07 13:01:09', 1, 0.00, 'United States', 'First Avenue VIP Room', 'http://upcomingevents.net/search/redirect/1797351', 'Minnesota', '55403');

-- --------------------------------------------------------

--
-- Table structure for table `YQL_event_address`
--

CREATE TABLE IF NOT EXISTS `YQL_event_address` (
  `address_id` int(20) NOT NULL AUTO_INCREMENT,
  `event_id` int(20) NOT NULL,
  `address_text` varchar(255) NOT NULL,
  `x_coord` float(10,6) NOT NULL,
  `y_coord` float(10,6) NOT NULL,
  PRIMARY KEY (`address_id`),
  UNIQUE KEY `event_id` (`event_id`)
) ENGINE=MyISAM  DEFAULT CHARSET=latin1 AUTO_INCREMENT=121 ;

--
-- Dumping data for table `YQL_event_address`
--

INSERT INTO `YQL_event_address` (`address_id`, `event_id`, `address_text`, `x_coord`, `y_coord`) VALUES
(42, 51, '227 Maple Ave E', 38.903900, -77.262199),
(43, 52, 'Boston, MA', 38.817501, -77.268204),
(44, 53, '246 Tremont St', 42.350300, -71.065002),
(49, 58, '271 19th Avenue S', 44.972099, -93.245697),
(47, 56, '318 W. 4th St.', 42.487301, -83.146896),
(48, 57, '279 Tremont St', 42.349800, -71.065102),
(50, 59, '3845 Veterans Memorial Highway', 40.784698, -73.109596),
(51, 60, '185 Court St', 42.100101, -75.906097),
(52, 61, '735 Washington Ave', 43.061298, -86.222298),
(53, 62, '9009 Shawnee Mission Parkway', 39.014198, -94.689697),
(54, 63, '1260 De La Gauchetiere Ouest', 45.506699, -73.569702),
(55, 64, '103 Center For The Arts', 43.000000, -78.783302),
(56, 65, '1903 W Michigan Ave', 42.284000, -85.612900),
(57, 66, '1913 Hickory Blvd', 35.880600, -81.513000),
(58, 67, '600 W Walnut St', 37.645000, -84.777397),
(59, 68, '201 E Brambleton Ave', 36.854000, -76.287300),
(60, 69, '2605 Hennepin Avenue South', 44.965302, -93.296898),
(61, 70, '289 Kent Ave', 40.724800, -73.966698),
(62, 71, '124 Boylston St', 42.352402, -71.065804),
(63, 72, '527 N. Grand Blvd.', 38.638802, -90.231697),
(64, 73, '4355 US-1', 40.366100, -74.595901),
(65, 74, '89 South St.', 42.351601, -71.057098),
(66, 75, '2407 London Road', 46.806999, -92.064400),
(67, 76, '158 Bleecker St. btwn Thompson and Sullivan', 40.721199, -74.008598),
(68, 77, '227 Maple Ave E', 38.903900, -77.262199),
(69, 78, '227 Summer Street', 41.054798, -73.540604),
(70, 79, '1700 Southeast 15th Street', 35.449799, -97.479797),
(71, 80, '124 Boylston St', 42.352402, -71.065804),
(72, 81, '116 5th Ave N', 36.161098, -86.778801),
(73, 82, '2201 Killebrew Drive', 44.851799, -93.240196),
(74, 83, '', 0.000000, 0.000000),
(75, 84, '315 S. Plymouth Court', 41.877899, -87.628700),
(76, 85, '2002 Annapolis Mall', 38.992199, -76.544098),
(77, 86, '30 W Pershing Rd', 39.094002, -94.584396),
(78, 87, '221 Tennessee Ave', 35.963600, -85.074898),
(79, 88, '1714 Easton Ave', 40.535301, -74.506401),
(80, 89, '913 S. University Ave', 42.274899, -83.737900),
(81, 90, '2500 W Broad St', 37.560398, -77.466599),
(82, 91, '185 Court St', 42.099998, -75.906197),
(83, 92, '6037 Franconia Road', 38.782299, -77.144600),
(84, 93, '158 W High St', 40.201698, -77.192802),
(85, 94, '211 West 45th St.', 40.758099, -73.985901),
(86, 95, '245 W 52nd St', 40.762901, -73.983704),
(87, 96, '124 W 43rd St', 40.755699, -73.984200),
(88, 97, '422 W 42nd St', 40.758801, -73.993500),
(89, 98, '10 Marriott Drive', 42.194801, -87.930199),
(90, 99, '428 N Boulevard', 37.557800, -77.472702),
(91, 100, '125 S. Pennsylvania Ave', 42.733200, -84.537903),
(92, 101, '250 S Broad St', 39.947701, -75.164803),
(93, 102, '381 Main St', 40.885799, -74.240402),
(94, 103, '595 Granite Run Drive', 40.077499, -76.326797),
(95, 104, 'East end 1830 West Main Street,Route 25', 40.941299, -72.637703),
(96, 105, '140 E. Walton St.', 41.900002, -87.623596),
(97, 106, '330 West 40th Street 33rd Floor', 40.756302, -73.991699),
(98, 107, '245 W 52nd St', 40.762901, -73.983704),
(99, 108, '601 F St Nw', 38.897301, -77.020103),
(100, 109, '610 W 56th St', 40.769798, -73.992302),
(101, 110, 'Boston, MA, USA', 42.365398, -71.052803),
(102, 111, '610 W 56th St', 40.769798, -73.992302),
(103, 112, 'Philadelphia', 39.952202, -75.162300),
(104, 113, 'Philadelphia', 39.952202, -75.162300),
(105, 114, '100 Legends Way', 42.365200, -71.061699),
(106, 115, '100 Legends Way', 42.365200, -71.061699),
(107, 116, '100 W Reno Ave', 35.464199, -97.514801),
(108, 117, '219 W 49th St', 40.761101, -73.985199),
(109, 118, '124 W 43rd St', 40.755699, -73.984200),
(110, 119, '126 N. Main St.', 39.761700, -84.192299),
(111, 120, '4949 Cherry St', 39.037498, -94.579803),
(112, 121, '216 York Street', 42.991798, -81.246399),
(113, 122, '7th Ave & W 32nd St', 40.747299, -73.986000),
(114, 123, 'Old Main University of Superior Wisconsin', 46.721298, -92.103897),
(115, 124, 'Old Main University of Superior Wisconsin', 46.721298, -92.103897),
(116, 125, '124 Boylston St', 42.352402, -71.065804),
(117, 126, '527 N. Grand Blvd.', 38.638802, -90.231697),
(118, 127, '15 Arlington Street', 42.259499, -71.115601),
(119, 128, '110 N 5th St', 44.980900, -93.274399),
(120, 129, '701 First Avenue North', 44.978500, -93.276001);

-- --------------------------------------------------------

--
-- Table structure for table `YQL_event_images`
--

CREATE TABLE IF NOT EXISTS `YQL_event_images` (
  `image_id` int(20) NOT NULL AUTO_INCREMENT,
  `event_id` int(20) NOT NULL,
  `image_url` varchar(100) NOT NULL,
  `description` varchar(255) NOT NULL,
  `date_uploaded` datetime NOT NULL,
  `list_order` int(3) NOT NULL,
  `active` int(1) NOT NULL,
  PRIMARY KEY (`image_id`)
) ENGINE=MyISAM DEFAULT CHARSET=latin1 AUTO_INCREMENT=1 ;

/*!40101 SET CHARACTER_SET_CLIENT=@OLD_CHARACTER_SET_CLIENT */;
/*!40101 SET CHARACTER_SET_RESULTS=@OLD_CHARACTER_SET_RESULTS */;
/*!40101 SET COLLATION_CONNECTION=@OLD_COLLATION_CONNECTION */;
